country,location_name,dominant_D_1990,dominant_label_1990,clean_domain_archetype_weight_D1_1990,clean_domain_archetype_weight_D2_1990,clean_domain_archetype_weight_D3_1990,clean_domain_archetype_weight_D4_1990,clean_domain_archetype_weight_D5_1990,clean_domain_archetype_weight_D6_1990,dominant_D_2000,dominant_label_2000,clean_domain_archetype_weight_D1_2000,clean_domain_archetype_weight_D2_2000,clean_domain_archetype_weight_D3_2000,clean_domain_archetype_weight_D4_2000,clean_domain_archetype_weight_D5_2000,clean_domain_archetype_weight_D6_2000,dominant_D_2010,dominant_label_2010,clean_domain_archetype_weight_D1_2010,clean_domain_archetype_weight_D2_2010,clean_domain_archetype_weight_D3_2010,clean_domain_archetype_weight_D4_2010,clean_domain_archetype_weight_D5_2010,clean_domain_archetype_weight_D6_2010,dominant_D_2023,dominant_label_2023,clean_domain_archetype_weight_D1_2023,clean_domain_archetype_weight_D2_2023,clean_domain_archetype_weight_D3_2023,clean_domain_archetype_weight_D4_2023,clean_domain_archetype_weight_D5_2023,clean_domain_archetype_weight_D6_2023,clean_domain_archetype_weight_D1_delta_2023_1990,clean_domain_archetype_weight_D2_delta_2023_1990,clean_domain_archetype_weight_D3_delta_2023_1990,clean_domain_archetype_weight_D4_delta_2023_1990,clean_domain_archetype_weight_D5_delta_2023_1990,clean_domain_archetype_weight_D6_delta_2023_1990,trajectory_raw,lri_incidence_rate_u5_1990,lri_incidence_rate_age70p_1990,lri_incidence_rate_all_age_1990,lri_incidence_rate_5_69_1990,lri_incidence_rate_u5_2023,lri_incidence_rate_age70p_2023,lri_incidence_rate_all_age_2023,lri_incidence_rate_5_69_2023,u5_percent_decline,age70p_percent_decline,all_age_percent_decline,5_69_percent_decline,clean_domain_trajectory_cluster
CHN,China,D1,Low-SDI household-energy domain,0.411095223021911,0.07951887202023229,0.37398138901442385,0.13540451594343297,0.0,0.0,D3,Cold-dry PM2.5 domain,0.36464039880072613,0.0,0.3842509269426988,0.25110867425657496,0.0,0.0,D3,Cold-dry PM2.5 domain,0.18646115292024365,0.0,0.4042629890235485,0.30815031755883143,0.10112554049737653,0.0,D4,Hot-dry PM2.5 domain,0.0,0.0004157489924489053,0.22103847513371344,0.3475501912425854,0.3001575021116491,0.13083808251960305,-0.411095223021911,-0.07910312302778338,-0.1529429138807104,0.21214567529915243,0.3001575021116491,0.13083808251960305,5,24810.71445219134,13300.84333561788,4503.01109933347,1884.898787125512,4658.01627322439,8217.76730132449,2176.6905205758203,1370.9981460049416,81.22578742260693,38.216193560310515,51.66144447438712,27.264097395079425,4
PRK,Democratic People's Republic of Korea,D3,Cold-dry PM2.5 domain,0.4135146348653305,0.0,0.48455761229990607,0.025984794016312863,0.0,0.07594295881845062,D3,Cold-dry PM2.5 domain,0.3277222882068927,0.020210641713966766,0.575866019864649,0.0,0.0,0.07620105021449147,D3,Cold-dry PM2.5 domain,0.36359039506082397,0.0,0.5154643190894189,0.0,0.0,0.12094528584975704,D3,Cold-dry PM2.5 domain,0.3460352418636505,0.0,0.4486375642905313,0.06802140286237465,0.0,0.1373057909834436,-0.06747939300168004,0.0,-0.03592004800937476,0.04203660884606179,0.0,0.06136283216499297,5,21330.0583258134,13695.328177317178,4716.82020064928,1509.6056548135928,8652.75042824236,11198.10879250021,2669.92392027019,1282.492160026565,59.43400483921369,18.23409671155581,43.39568169457319,15.044557766648795,4
TWN,Taiwan,D5,Warm-humid climate domain,0.12954519289057084,0.0,0.1920371444616054,0.093770898932234,0.5846467637155897,0.0,D5,Warm-humid climate domain,0.0,0.0,0.13929290529440266,0.1386926474403089,0.7034283527596955,0.018586094505593048,D5,Warm-humid climate domain,0.0,0.0,0.040071847690439005,0.28975139633016717,0.5677788721050423,0.10239788387435161,D5,Warm-humid climate domain,0.014019157535086335,0.0,0.0,0.28466152029638053,0.5097216974728245,0.19159762469570873,-0.1155260353554845,0.0,-0.1920371444616054,0.19089062136414653,-0.07492506624276518,0.19159762469570873,3,14157.4710862496,18538.33111033591,3799.75847208111,1884.935657314215,6802.53554316589,17131.054379373538,4218.1152639796,1769.1354652943678,51.95091339601723,7.59117270366238,-11.010089061512321,6.143455962037833,2
KHM,Cambodia,D1,Low-SDI household-energy domain,0.5622494309391917,0.31484323469776476,0.0,0.02203202098674651,0.10087531337629693,0.0,D1,Low-SDI household-energy domain,0.6976974549138758,0.13646565456800494,0.0,0.11430365728233591,0.0515332332357835,0.0,D1,Low-SDI household-energy domain,0.5563705554517908,0.1809080837476807,0.0,0.07037854367976211,0.19234281712076626,0.0,D1,Low-SDI household-energy domain,0.5008008087703332,0.11597581515456622,0.0,0.10703373738928701,0.27618963868581364,0.0,-0.06144862216885849,-0.19886741954319853,0.0,0.0850017164025405,0.1753143253095167,0.0,0,38928.63131708826,21328.26798105185,9153.66504879879,1332.8064698075584,9435.17726607069,17476.43404331666,3052.7933235638698,1218.488083213451,75.76288467678803,18.059759663359344,66.64949714361157,8.577268281914446,1
IDN,Indonesia,D1,Low-SDI household-energy domain,0.6883298554434538,0.0,0.0,0.20792800719552137,0.10374213736102479,0.0,D1,Low-SDI household-energy domain,0.579659277174809,0.0,0.0,0.1566660505444047,0.2636746722807864,0.0,D1,Low-SDI household-energy domain,0.4989697683108825,0.0,0.0,0.002995560995971085,0.4980346706931462,0.0,D5,Warm-humid climate domain,0.279810379427911,0.0,0.0,0.18937039417192322,0.5024014921387088,0.02841773426145698,-0.40851947601554284,0.0,0.0,-0.018557613023598152,0.398659354777684,0.02841773426145698,3,20190.84330062725,10647.7738365111,3652.95490797474,1072.9298088971004,7325.72747367358,10732.22321308881,1948.66338373146,1160.5679689445426,63.7175755138172,-0.7931176776889617,46.65514815205228,-8.168116806963196,2
LAO,Lao People's Democratic Republic,D1,Low-SDI household-energy domain,0.6998307670984946,0.1542698241346345,0.04705767315786738,0.09884173560900343,0.0,0.0,D1,Low-SDI household-energy domain,0.6882368398802319,0.09252854466572048,0.06345253606619275,0.1557820793878549,0.0,0.0,D1,Low-SDI household-energy domain,0.6956208418754893,0.0,0.023105140621055995,0.28127401750345465,0.0,0.0,D1,Low-SDI household-energy domain,0.5364051446779285,0.0,0.0,0.28836171122203463,0.1339970068529609,0.041236137247075935,-0.16342562242056602,-0.1542698241346345,-0.04705767315786738,0.1895199756130312,0.1339970068529609,0.041236137247075935,0,28849.72534504824,20758.308389942253,7175.83877398701,1653.5060649905945,10007.03351532393,17381.72536939375,3020.75925211524,1655.5990506310025,65.31324511537669,16.266176208194857,57.90374690320894,-0.12657864913364353,1
MYS,Malaysia,D1,Low-SDI household-energy domain,0.4542360495075963,0.0,0.0,0.20767729210107685,0.3380866583913269,0.0,D5,Warm-humid climate domain,0.2693053503357529,0.0,0.0,0.09537597968293852,0.6353186699813085,0.0,D5,Warm-humid climate domain,0.13493310735783082,0.0,0.0,0.0,0.8519682784458997,0.013098614196269344,D5,Warm-humid climate domain,0.0,0.0,0.0,0.0,1.0,3.757605179808205e-18,-0.4542360495075963,0.0,0.0,-0.20767729210107685,0.6619133416086731,3.757605179808205e-18,3,15054.77610321365,15442.25380589759,3774.75857357914,1456.4072285643742,6771.88446814123,16877.95024033994,2825.50886519247,1870.098639789673,55.01836479191691,-9.297194907481952,25.147295910016652,-28.404927077510262,2
MDV,Maldives,D1,Low-SDI household-energy domain,0.5598466815404863,0.15305638855850281,0.06537246129964254,0.03405431950539605,0.18767014909597224,0.0,D1,Low-SDI household-energy domain,0.4100511890264296,0.0955635735416448,0.05307969620586843,0.05263137551227119,0.3482252665683575,0.040448899145428596,D5,Warm-humid climate domain,0.21566002603506276,0.1035962237899895,0.0,0.0,0.5344647802072684,0.14627896996767945,D5,Warm-humid climate domain,0.07642094654875829,0.07564081995163878,0.0,0.0,0.6968895840563316,0.15104864944327126,-0.48342573499172803,-0.07741556860686404,-0.06537246129964254,-0.03405431950539605,0.5092194349603594,0.15104864944327126,3,22157.4635415613,12854.1578162371,5467.96940177629,1137.5801545322802,5925.94795509928,9046.575512513233,1267.77709011285,803.5218618023985,73.25529637458803,29.621406226351215,76.81448089850306,29.365692729338345,2
MMR,Myanmar,D1,Low-SDI household-energy domain,0.6130209233022295,0.2171301813905137,0.0,0.16984889530725675,0.0,0.0,D1,Low-SDI household-energy domain,0.6285055113094661,0.1516238846686045,0.0,0.21987060402192932,0.0,0.0,D1,Low-SDI household-energy domain,0.608978147380692,0.059039594543417714,0.0,0.3319822580758903,0.0,0.0,D1,Low-SDI household-energy domain,0.5645338002110816,0.0,0.0,0.3865252858531239,0.048940913935794354,0.0,-0.04848712309114789,-0.2171301813905137,0.0,0.21667639054586715,0.048940913935794354,0.0,0,26436.06019218338,11896.80236688783,4799.601742701791,848.4236110657482,9439.52127720046,9536.10481339498,2192.1903700018,976.4002828753506,64.29301034807169,19.843126587219263,54.32557767245554,-15.084053548302878,1
PHL,Philippines,D1,Low-SDI household-energy domain,0.6291501243422294,0.0,0.0,0.29524576916027184,0.07560410649749873,0.0,D1,Low-SDI household-energy domain,0.5960901055586224,0.0,0.0,0.1856221731034184,0.21828772133795915,0.0,D1,Low-SDI household-energy domain,0.5455076035333103,0.0,0.0,0.17370620451201974,0.2807861919546701,0.0,D5,Warm-humid climate domain,0.3879357030527171,0.0,0.0,0.1417862037976998,0.4702780931495832,0.0,-0.24121442128951232,0.0,0.0,-0.15345956536257205,0.3946739866520845,0.0,0,26075.98098144887,14581.65755669995,6206.34834261438,1927.1071686153675,8290.45753867116,20275.52312007219,3021.64536711433,1816.720187507201,68.20653633483931,-39.048136614318125,51.313635646795106,5.728118441253058,1
LKA,Sri Lanka,D1,Low-SDI household-energy domain,0.6178986814052412,0.0,0.0,0.3014470914866201,0.08065422710813881,0.0,D1,Low-SDI household-energy domain,0.5179583203277439,0.0,0.01669263610451178,0.2726399806547772,0.19270906291296702,0.0,D1,Low-SDI household-energy domain,0.41846572501509005,0.0,0.0,0.22107172738354267,0.3604625476013673,0.0,D5,Warm-humid climate domain,0.24610997352293376,0.0,0.005514694787268534,0.15130784075750633,0.5970674909322913,0.0,-0.37178870788230745,0.0,0.005514694787268534,-0.15013925072911374,0.5164132638241524,0.0,3,15093.60331777079,13270.212711684751,3209.20732930585,1390.8632955838618,6790.61867487166,9889.80853771422,2382.10910817535,1321.7788982643312,55.009956655767056,25.473624631457504,25.772663971492342,4.9670156325845145,2
THA,Thailand,D1,Low-SDI household-energy domain,0.49095612065827815,0.08029959450138424,0.0,0.3425582444183384,0.08618604042199925,0.0,D1,Low-SDI household-energy domain,0.3641578363422902,0.0552127072775468,0.0,0.3053213275547432,0.2753081288254198,0.0,D5,Warm-humid climate domain,0.11066198446132901,0.20003707489928813,0.0,0.1321561387970808,0.557144801842302,0.0,D5,Warm-humid climate domain,0.0,0.18190070575106188,0.0,0.1517583026352555,0.661898674801597,0.004442316812085563,-0.49095612065827815,0.10160111124967763,0.0,-0.19079994178308288,0.5757126343795977,0.004442316812085563,3,16401.632407731307,11851.38290778642,2926.39830225635,1131.3159814766311,7983.282763665279,16119.9629241909,3692.00899943989,1663.205986053798,51.326291400713465,-36.01756900116697,-26.162217788099078,-47.015158743088406,2
TLS,Timor-Leste,D1,Low-SDI household-energy domain,0.662527226715473,0.22390128155846495,0.0,0.0,0.003906613822310611,0.10966487790375144,D1,Low-SDI household-energy domain,0.7622401569183127,0.05467995554365513,0.0,0.06906451513814407,0.013679145134633227,0.10033622726525486,D1,Low-SDI household-energy domain,0.7879553283959644,0.0,0.0,0.047286217555259226,0.07680600795245826,0.08795244609631815,D1,Low-SDI household-energy domain,0.5655889752938428,0.08772490634765194,0.0,0.09412333970066795,0.0897020264917489,0.16286075216608845,-0.09693825142163026,-0.136176375210813,0.0,0.09412333970066795,0.08579541266943828,0.053195874262337,0,35121.72623808823,15603.2397802513,7894.14635954873,936.3405584087124,13821.334826356118,14309.591385605949,3418.7078227033903,827.7433427817018,60.647336259436514,8.290896075843786,56.693128465142614,11.598046741835986,1
VNM,Viet Nam,D1,Low-SDI household-energy domain,0.6926575748222565,0.039928675759570584,0.0,0.2674137494181728,0.0,0.0,D1,Low-SDI household-energy domain,0.6733660129169775,0.0,0.0,0.3266339870830225,0.0,0.0,D1,Low-SDI household-energy domain,0.5620237820845959,0.0,0.0,0.29815867306322275,0.13981754485218126,0.0,D1,Low-SDI household-energy domain,0.3816903683981924,0.0,0.0,0.2824194968310711,0.3156325310094698,0.020257603761266618,-0.3109672064240641,-0.039928675759570584,0.0,0.015005747412898285,0.3156325310094698,0.020257603761266618,0,19678.15963254046,12058.2303271942,4058.8641927185295,1042.041576830729,6907.004009406701,10573.87265609887,1949.3817939997896,1091.0352991992906,64.9001525631236,12.30991307030972,51.97223406742909,-4.701705139018688,1
FJI,Fiji,D1,Low-SDI household-energy domain,0.5106816951107339,0.0,0.0,0.0,0.26314487465487296,0.22617343023439304,D1,Low-SDI household-energy domain,0.43844317440875674,0.0,0.0,0.0,0.37043628148811814,0.19112054410312515,D5,Warm-humid climate domain,0.38362649879804384,0.0,0.0,0.0,0.4023716961230461,0.21400180507891006,D5,Warm-humid climate domain,0.25990602758475934,0.0,0.0,0.0,0.520842561100481,0.21925141131475975,-0.2507756675259746,0.0,0.0,0.0,0.25769768644560803,-0.006922018919633288,3,12809.65322311785,15141.47849662149,3657.59570991058,2026.8906023291324,7945.86596487596,10316.58527979976,2536.88390699479,1640.701859521453,37.969702797762785,31.86540348684117,30.640669221016477,19.05326031725165,2
KIR,Kiribati,D1,Low-SDI household-energy domain,0.7211455158422654,0.0,0.0,0.0,0.11288245619288632,0.1659720279648484,D1,Low-SDI household-energy domain,0.6581855136385129,0.026467451066193765,0.0,0.0,0.07283571974462971,0.24251131555066371,D1,Low-SDI household-energy domain,0.6665546811274404,0.0,0.0,0.0,0.10760232818450824,0.22584299068805133,D1,Low-SDI household-energy domain,0.6086158531486291,0.0,0.0,0.0,0.18716758168197578,0.204216565169395,-0.11252966269363629,0.0,0.0,0.0,0.07428512548908946,0.0382445372045466,0,16105.69463897378,17740.23441999498,4806.38679004594,2107.231575327344,8611.86182316997,13047.07739756665,2708.2098058760803,1700.9052635995076,46.52908790204967,26.454876025418706,43.65393539519538,19.282470730096026,1
MHL,Marshall Islands,D1,Low-SDI household-energy domain,0.6901409522340967,0.0,0.0,0.0,0.17401093949745197,0.13584810826845137,D1,Low-SDI household-energy domain,0.6505768877354989,0.0,0.0,0.0,0.20565896231648392,0.14376414994801723,D1,Low-SDI household-energy domain,0.6119837538372417,0.0,0.0,0.0,0.22496929192667836,0.1630469542360799,D1,Low-SDI household-energy domain,0.48352049904370475,0.0,0.0,0.0,0.3424242875287186,0.17405521342757663,-0.2066204531903919,0.0,0.0,0.0,0.16841334803126665,0.03820710515912526,0,16583.50959938632,15894.21533442644,4763.20956315742,2520.8952945519973,10544.27684779045,10477.373076073,2707.4509650957298,1972.9792153953256,36.41709684793957,34.08058934888536,43.15910460800671,21.734979645556642,1
FSM,Micronesia (Federated States of),D1,Low-SDI household-energy domain,0.6757997485327563,0.0,0.0,0.0,0.17265309691775704,0.15154715454948667,D1,Low-SDI household-energy domain,0.6259927427246896,0.0,0.0,0.0,0.2364873771993696,0.1375198800759407,D1,Low-SDI household-energy domain,0.5826855727838679,0.0,0.0,0.0,0.24882775920030537,0.16848666801582682,D1,Low-SDI household-energy domain,0.5333171020879593,0.0,0.0,0.0,0.3098452300003069,0.15683766791173362,-0.1424826464447969,0.0,0.0,0.0,0.13719213308254985,0.005290513362246951,0,14095.42494182611,13858.186858405012,4122.36463368607,2264.4401871725368,5855.66071761687,11252.66309720697,2227.83987082804,2202.297924121386,58.45701181919636,18.801332294186718,45.95723404419017,2.744266039932092,1
PNG,Papua New Guinea,D1,Low-SDI household-energy domain,0.8452062615011416,0.0,0.0,0.0,0.1232754599372126,0.031518278561645637,D1,Low-SDI household-energy domain,0.7947197335285823,0.0,0.0,0.0,0.16704410020619637,0.0382361662652213,D1,Low-SDI household-energy domain,0.7833569293971216,0.0,0.0,0.0,0.18994814587486014,0.026694924728018234,D1,Low-SDI household-energy domain,0.7326506847240952,0.0,0.0,0.0,0.22222929550836026,0.04512001976754441,-0.11255557677704642,0.0,0.0,0.0,0.09895383557114766,0.01360174120589877,0,20289.47141073644,16661.64298378931,5146.8395856322295,1477.5429244087138,10922.871222401913,15514.253035581629,3356.7602624414003,1742.8869050416793,46.164831003818406,6.886415399273739,34.78016544731574,-17.958461730589068,1
WSM,Samoa,D1,Low-SDI household-energy domain,0.627668135023235,0.0,0.0,0.0,0.196340611614281,0.17599125336248395,D1,Low-SDI household-energy domain,0.5931465673250254,0.0,0.0,0.0,0.22348794810401065,0.1833654845709639,D1,Low-SDI household-energy domain,0.5158898392088799,0.0,0.0,0.0,0.30190128481175954,0.18220887597936064,D1,Low-SDI household-energy domain,0.47320956697824623,0.0,0.0,0.0,0.3291807529924696,0.19760968002928397,-0.1544585680449888,0.0,0.0,0.0,0.13284014137818861,0.021618426666800028,0,15752.61247508099,19658.02667014157,4695.14757069966,2192.4088852179784,7827.890044918629,14551.072251541062,3089.88928818099,1775.6528073070765,50.307353416447306,25.97897797319313,34.18973010638424,19.009048937943266,1
SLB,Solomon Islands,D1,Low-SDI household-energy domain,0.8522166367807935,0.0,0.0,0.0,0.08214439880447245,0.06563896441473395,D1,Low-SDI household-energy domain,0.7972591113302752,0.0,0.0,0.0,0.13876119352576788,0.06397969514395686,D1,Low-SDI household-energy domain,0.7807324299532163,0.0,0.0,0.0,0.15746925090655065,0.06179831914023287,D1,Low-SDI household-energy domain,0.7333131380965094,0.0,0.0,0.0,0.2251725936594377,0.04151426824405282,-0.11890349868428407,0.0,0.0,0.0,0.14302819485496526,-0.02412469617068113,0,19255.55004074432,31015.1902940477,6349.497329706701,2245.8223776962805,9707.571955632,20156.0095332242,3670.09741479247,2390.335217867111,49.58558994632202,35.012458920516586,42.198614721490074,-6.434740414291761,1
TON,Tonga,D1,Low-SDI household-energy domain,0.5819794517591173,0.015131066825336494,0.0,0.0,0.1399204452567388,0.26296903615880746,D1,Low-SDI household-energy domain,0.5397588146459406,0.0,0.0,0.0,0.21657892571669046,0.2436622596373689,D1,Low-SDI household-energy domain,0.5000282603295405,0.0,0.0,0.0,0.23055377288649415,0.26941796678396535,D1,Low-SDI household-energy domain,0.426657578264281,0.0,0.0,0.0,0.2956426998881498,0.27769972184756925,-0.15532187349483623,-0.015131066825336494,0.0,0.0,0.15572225463141098,0.014730685688761791,0,15716.609244607149,21916.99388415042,4914.6674047036095,2501.1773596948465,8786.56786631068,16643.51420026745,3226.85083880701,1916.9879618563004,44.09374357051207,24.06114502635582,34.342437176547605,23.35657627693461,1
VUT,Vanuatu,D1,Low-SDI household-energy domain,0.7367687185322934,0.05184281418714408,0.0,0.0,0.05354939732386848,0.15783906995669406,D1,Low-SDI household-energy domain,0.7637970976225958,0.0,0.0,0.0,0.11522032281898777,0.12098257955841654,D1,Low-SDI household-energy domain,0.7232641741464656,0.0,0.0,0.0,0.11390693700534998,0.1628288888481843,D1,Low-SDI household-energy domain,0.675770698061918,0.0,0.0,0.0,0.13513801655868576,0.18909128537939623,-0.06099802047037539,-0.05184281418714408,0.0,0.0,0.08158861923481728,0.03125221542270218,0,16001.50510148867,17996.20346806554,4940.53314390614,1729.9797069931865,9434.89295034327,13643.99786347786,3040.11611732832,1796.669445984062,41.0374655977486,24.18402088146379,38.4658289140692,-3.854943426289455,1
ARM,Armenia,D3,Cold-dry PM2.5 domain,0.14090280004560987,0.04755751450634221,0.635975646023423,0.0,0.0950252604855679,0.08053877893905681,D3,Cold-dry PM2.5 domain,0.1851030122242635,0.026490267254435467,0.6233197689371978,0.06245098388610489,0.0,0.10263596769799843,D3,Cold-dry PM2.5 domain,0.1269087589140838,0.0,0.4861560208273426,0.18522208995942904,0.08826871685747095,0.1134444134416734,D3,Cold-dry PM2.5 domain,0.0,0.0,0.40733201755578585,0.22890310537949446,0.18447082525333097,0.17929405181138872,-0.14090280004560987,-0.04755751450634221,-0.2286436284676372,0.22890310537949446,0.08944556476776307,0.0987552728723319,5,9855.46352988904,5215.81229354776,2359.69461244072,1096.2197210727747,4742.33013415951,8700.58215035896,2329.96367886648,1080.4518971559885,51.88120660406014,-66.81164238065173,1.2599483601603836,1.4383817052073886,4
AZE,Azerbaijan,D4,Hot-dry PM2.5 domain,0.11772008330351157,0.16268082605937684,0.10996502992317836,0.2790401858863739,0.05326721547347109,0.2773266593540882,D6,High-SDI low-exposure domain,0.20175916836287972,0.18402391556306683,0.1728704563858968,0.20665486503634092,0.0,0.23469159465181577,D4,Hot-dry PM2.5 domain,0.01898658449736197,0.16643932981556014,0.13592227937893975,0.3072200001393548,0.1720205580022419,0.1994112481665415,D4,Hot-dry PM2.5 domain,0.0,0.10926632121275379,0.0,0.4295558231193277,0.1410305908547848,0.3201472648131338,-0.11772008330351157,-0.05341450484662305,-0.10996502992317836,0.1505156372329538,0.08776337538131372,0.042820605459045646,1,21396.856626581,6056.2846681344,4277.95754111729,2002.038053467593,5733.44601345271,4693.99874442243,1425.44941435176,1206.8579041355274,73.2042602634906,22.493756458967997,66.67920612462484,39.7185332194255,5
GEO,Georgia,D3,Cold-dry PM2.5 domain,0.048048308903753605,0.0,0.4580997425212067,0.04737184553739318,0.2981537720582053,0.14832633097944106,D3,Cold-dry PM2.5 domain,0.26361415333872473,0.0,0.3884555675722343,0.13018604996256622,0.0,0.21774422912647476,D4,Hot-dry PM2.5 domain,0.25101050046879997,0.0,0.1689102943837179,0.31116400722737664,0.0033438315852270042,0.26557136633487866,D5,Warm-humid climate domain,0.0029256559999490893,0.0,0.23709190803338054,0.20457664430566008,0.2929094581761589,0.2624963334848514,-0.04512265290380452,0.0,-0.22100783448782618,0.1572047987682669,-0.005244313882046436,0.11417000250541035,5,11430.12944005462,5002.00179402225,2548.13667525903,2131.0934067149587,4272.934252586289,8705.316817402909,2600.5664017120603,1742.2301884969918,62.616921575597914,-74.0366592392347,-2.057571203385326,18.247122204624173,4
KAZ,Kazakhstan,D3,Cold-dry PM2.5 domain,0.0,0.13063988691452297,0.3428301518265801,0.0986471153167392,0.11073588958777517,0.31714695635438256,D6,High-SDI low-exposure domain,0.0368054543914872,0.12168408492236094,0.2683753441675341,0.18441698913255364,0.0,0.3887181273860641,D6,High-SDI low-exposure domain,0.0,0.02119756434284012,0.20666295937176726,0.3566878505407242,0.03241813071754275,0.3830334950271256,D4,Hot-dry PM2.5 domain,0.0,0.0,0.017909777461832675,0.4993608389818422,0.009828617046702941,0.47290076650962215,0.0,-0.13063988691452297,-0.3249203743647474,0.400713723665103,-0.10090727254107222,0.1557538101552396,5,11266.41730848432,5517.834094434889,2668.15265743408,1309.342728467282,3419.6872202601703,5362.291425275121,1503.310718568,872.0734278674367,69.6470747831706,2.8189080443111534,43.65724485893134,33.39609187822911,4
KGZ,Kyrgyzstan,D3,Cold-dry PM2.5 domain,0.16862116411739766,0.16979280202668004,0.3479090533531117,0.05552583708331826,0.0,0.2581511434194923,D3,Cold-dry PM2.5 domain,0.1768800216723175,0.16129323759884162,0.4292876571870705,0.0257181650724286,0.0,0.20682091846934172,D3,Cold-dry PM2.5 domain,0.22328251091727697,0.13380247084542582,0.34438226840078634,0.07253229427471505,0.0,0.22600045556179585,D6,High-SDI low-exposure domain,0.10581084563237424,0.17877426042571268,0.24061797114030614,0.17238108605899885,0.0,0.30241583674260814,-0.06281031848502343,0.008981458399032638,-0.10729108221280553,0.11685524897568059,0.0,0.044264693323115833,5,16521.18585104147,5880.711940104609,3823.28234007078,541.3818249134828,4368.19208080257,4130.86557279721,1373.53777867169,389.056889182362,73.5600572489946,29.755689194262285,64.07438278162157,28.136322410798247,4
MNG,Mongolia,D3,Cold-dry PM2.5 domain,0.07127297619342964,0.009310757549554908,0.770420942233402,0.0,0.0,0.1489953240236136,D3,Cold-dry PM2.5 domain,0.01885822684454741,0.021390583830377577,0.8146244822094876,0.0,0.0,0.1451267071155873,D3,Cold-dry PM2.5 domain,0.0,0.0,0.9562197815131616,0.0,0.0,0.04378021848683847,D3,Cold-dry PM2.5 domain,0.0,0.0,0.7858415030861924,0.08316636662054219,0.0,0.13099213029326545,-0.07127297619342964,-0.009310757549554908,0.015420560852790421,0.08316636662054219,0.0,-0.018003193730348144,5,16280.117890926693,7509.680006546931,4029.22000607628,1290.5954498682825,4424.98870063685,4278.45405220274,1386.10530290751,894.0708791113885,72.81967655097262,43.02747855470821,65.59866920105655,30.72415688412376,4
TJK,Tajikistan,D3,Cold-dry PM2.5 domain,0.1473743301820575,0.2637233693553661,0.28526282985587054,0.03456540248260201,0.0,0.2690740681241038,D3,Cold-dry PM2.5 domain,0.12542053344056836,0.30321799891363543,0.36607191822145096,0.0,0.0,0.2052895494243455,D3,Cold-dry PM2.5 domain,0.18996801604538568,0.2097853890742497,0.4562844143115129,0.050032790522218276,0.0,0.09392939004663349,D3,Cold-dry PM2.5 domain,0.06214148775450278,0.28562773005839504,0.31367112484767,0.16607282313581098,0.0,0.17248683420362115,-0.08523284242755472,0.021904360703028924,0.028408294991799476,0.13150742065320897,0.0,-0.09658723392048263,5,16771.62970140019,8853.581846026811,4692.85958775816,1594.5303206681856,5847.36124339947,5847.07890037521,1764.0206700327,1070.3283453935112,65.13540217912573,33.95804091426363,62.41053803028027,32.87500830056391,4
TKM,Turkmenistan,D2,Low-SDI high-PM dry domain,0.0,0.30658928036576333,0.12833242694322078,0.2945076183596598,0.0,0.27057067433135623,D2,Low-SDI high-PM dry domain,0.0,0.3511921543527532,0.1910508909041577,0.22463775459562801,0.0,0.23311920014746124,D4,Hot-dry PM2.5 domain,0.0,0.2429180089912179,0.08787799566179094,0.4022618667991389,0.0,0.2669421285478522,D4,Hot-dry PM2.5 domain,0.0,0.12129419966605967,0.0,0.5714664981593806,0.0,0.3072393021745597,0.0,-0.18529508069970366,-0.12833242694322078,0.2769588797997208,0.0,0.03666862784320346,1,17964.79757985743,6957.396769004171,4280.0799162472895,594.0434722545152,6603.91309166772,4331.25210056056,1681.3124606585302,433.2996816559472,63.239702188060335,37.74608169744352,60.71773206205271,27.05926385968232,5
UZB,Uzbekistan,D2,Low-SDI high-PM dry domain,0.029449243523845064,0.34947385824546273,0.27182372095909474,0.1755126978122757,0.0,0.1737404794593218,D2,Low-SDI high-PM dry domain,0.0,0.34788106567210564,0.2898647454896159,0.19179186429602166,0.0,0.17046232454225688,D2,Low-SDI high-PM dry domain,0.0,0.3056761559434897,0.1609035635739992,0.29657651897200304,0.0,0.236843761510508,D4,Hot-dry PM2.5 domain,0.0,0.2550776133190344,0.07140368207298955,0.40574071142386847,0.0,0.26777799318410755,-0.029449243523845064,-0.09439624492642834,-0.20042003888610518,0.23022801361159279,0.0,0.09403751372478575,5,15542.74499876972,6454.25428290104,4004.84770624582,3316.7159810688345,5522.52849242177,3577.99709310402,1441.67802064771,1982.385144995484,64.46876988035959,44.56374142892008,64.00167680785165,40.230482311100786,4
ALB,Albania,D1,Low-SDI household-energy domain,0.26727817591753594,0.13379300693840163,0.22583560196297084,0.17167176367419176,0.0,0.20142145150689975,D1,Low-SDI household-energy domain,0.24865917372846505,0.12812900611107123,0.21213749478031563,0.18244228788881678,0.0,0.22863203749133143,D1,Low-SDI household-energy domain,0.30268064597513683,0.0,0.07104273387502698,0.29465881575263125,0.049610471576495736,0.28200733282070917,D6,High-SDI low-exposure domain,0.06308384974973306,0.09219763930363414,0.0,0.2773036996365991,0.21851111698335873,0.3489036943266749,-0.20419432616780286,-0.04159536763476748,-0.22583560196297084,0.10563193596240736,0.21851111698335873,0.14748224281977515,5,13889.609282512827,7438.17181364316,2906.7494457533703,1129.5538795606674,4274.18064009471,3675.27584453679,1127.96618012762,468.0752509192725,69.22749551007205,50.588989652059844,61.1949292094808,58.561051456763856,4
BIH,Bosnia and Herzegovina,D3,Cold-dry PM2.5 domain,0.32778378893734444,0.004821155071454736,0.535970953912778,0.12244475597017963,0.0,0.008979346108243205,D3,Cold-dry PM2.5 domain,0.26633393819139517,0.0,0.46338920784147597,0.21506347934971662,0.0,0.05521337461741233,D3,Cold-dry PM2.5 domain,0.09013947752662982,0.0,0.5496509387334059,0.039830806163008464,0.3203787775769558,0.0,D5,Warm-humid climate domain,0.009182508817420776,0.008447238055366676,0.33483498230858744,0.18207705243246852,0.3393059164279613,0.12615230195819527,-0.31860128011992367,0.00362608298391194,-0.2011359716041906,0.05963229646228889,0.3393059164279613,0.11717295584995206,5,7638.16778651171,4996.69557458787,1568.70649998007,732.1157821531627,3927.71368127109,3741.20099160034,1197.21092725814,464.6995196884433,48.5778030667634,25.126497387047326,23.681649354206787,36.52649881119138,4
BGR,Bulgaria,D3,Cold-dry PM2.5 domain,0.0,0.10625992900613815,0.4032505178549866,0.15521827794103404,0.21250977106308822,0.12276150413475308,D4,Hot-dry PM2.5 domain,0.10493823344038383,0.04579151807231175,0.24126991282828822,0.36623216521245033,0.0,0.24176817044656596,D3,Cold-dry PM2.5 domain,0.0,0.0,0.30860538341559174,0.23671277715686936,0.2747043818846982,0.17997745754284067,D4,Hot-dry PM2.5 domain,0.0,0.0,0.0,0.45964790601108646,0.1680291021534342,0.37232299183547946,0.0,-0.10625992900613815,-0.4032505178549866,0.3044296280700524,-0.04448066890965402,0.2495614877007264,5,12784.09083290902,7064.982124355381,2502.35113503491,977.4678329053625,4042.16336222822,3092.1969910113903,1261.4298144635,454.6649118049232,68.38129973370638,56.23206206918001,49.590215505630795,53.48543486556417,4
HRV,Croatia,D4,Hot-dry PM2.5 domain,0.0,0.07783532606764888,0.23894621343551148,0.2636363209210516,0.2208161709444581,0.19876596863132992,D4,Hot-dry PM2.5 domain,0.0,0.10873000188717379,0.13855482601629265,0.31937785413575465,0.15455197119205105,0.2787853467687279,D5,Warm-humid climate domain,0.0,0.0,0.16509078603834704,0.2538798456912401,0.3244598750417907,0.25656949322862216,D6,High-SDI low-exposure domain,0.0,0.0,0.0,0.3432047982146337,0.3086873439327465,0.3481078578526199,0.0,-0.07783532606764888,-0.23894621343551148,0.07956847729358207,0.08787117298828839,0.14934188922128996,4,5801.959234174639,4285.95740920608,1289.30731481066,1639.589523484461,3545.37793910696,2725.17539934991,1002.07846146209,1018.6509463394326,38.89343588931111,36.41618104985522,22.27776497108843,37.87158726321987,6
CZE,Czechia,D3,Cold-dry PM2.5 domain,0.0,0.0,0.3383434069229266,0.2222269953380677,0.24348826308221524,0.1959413346567905,D6,High-SDI low-exposure domain,0.0,0.0,0.15944497096955682,0.2922767818265276,0.2423025324307964,0.30597571477311913,D6,High-SDI low-exposure domain,0.0,0.0,0.1475020181649549,0.26965812188856175,0.23606316809568637,0.34677669185079696,D6,High-SDI low-exposure domain,0.0,0.0,0.0,0.3255908388330712,0.22910032596174695,0.44530883520518183,0.0,0.0,-0.3383434069229266,0.10336384349500352,-0.014387937120468292,0.24936750054839132,4,7279.59973250732,5224.42614243112,1597.7296127507298,1602.1978645298498,3313.2199331974603,3823.8750950800695,1233.47094065038,1059.2812860587858,54.48623475268627,26.80774900761296,22.7985179215164,33.88573849025681,6
HUN,Hungary,D3,Cold-dry PM2.5 domain,0.0,0.08691824719682414,0.27848245042386527,0.24440291678319595,0.172418834981653,0.21777755061446166,D4,Hot-dry PM2.5 domain,0.0,0.05955233374657608,0.13290367510148413,0.3552687752792723,0.12064760112849165,0.33162761474417585,D5,Warm-humid climate domain,0.0,0.0,0.1680544786231715,0.24210444508845527,0.29848077169020454,0.2913603045981689,D6,High-SDI low-exposure domain,0.0,0.0,0.0,0.32805909108717646,0.2757744821846512,0.3961664267281723,0.0,-0.08691824719682414,-0.27848245042386527,0.08365617430398051,0.10335564720299822,0.17838887611371065,4,6952.215693950229,3409.83593039364,1399.3241912544902,947.0900516755106,3615.2573290172,2762.06900592083,1039.34174297295,669.913879866965,47.998487271285725,18.997011518909947,25.72545022314071,29.266084182616986,6
MKD,North Macedonia,D3,Cold-dry PM2.5 domain,0.0,0.12562862840789726,0.4773896732308593,0.1413210644802559,0.15318863466657265,0.10247199921441492,D3,Cold-dry PM2.5 domain,0.09989550707373039,0.05519018159562206,0.3772131132117686,0.2808311753890724,0.0,0.18687002272980643,D4,Hot-dry PM2.5 domain,0.09151657097166727,0.0,0.28472427413356455,0.30019002246009185,0.12428670622331446,0.19928242621136202,D4,Hot-dry PM2.5 domain,0.0,0.0,0.17508230282236634,0.342162445833933,0.1977072341578813,0.28504801718581946,0.0,-0.12562862840789726,-0.302307370408493,0.20084138135367713,0.04451859949130865,0.18257601797140455,5,8469.54168091567,3635.0433594157503,1596.93452046747,1338.409950866956,3480.70666535892,2427.87429505638,928.36120554562,819.9971046562107,58.90324652156846,33.20920674116511,41.86604437144604,38.73348714083776,4
MNE,Montenegro,D3,Cold-dry PM2.5 domain,0.0,0.020974229211753067,0.509889216474479,0.0769879754104973,0.34310405700941043,0.049044521893860174,D3,Cold-dry PM2.5 domain,0.1963381613957717,0.0,0.2860581283320792,0.2545200382566618,0.05815628791336991,0.20492738410211733,D5,Warm-humid climate domain,0.011007042159939664,0.0,0.3787134275377735,0.048764896207676225,0.4482084621914408,0.11330617190316983,D5,Warm-humid climate domain,0.0,0.0,0.1050018702544902,0.2578356086217563,0.3475817238649582,0.2895807972587951,0.0,-0.020974229211753067,-0.40488734621998884,0.18084763321125902,0.0044776668555477905,0.24053627536493494,5,7579.25554105197,4511.27106914221,1530.4569279522,520.3808440986872,3731.31470574842,3223.18533309271,1061.46858453858,389.2396163101523,50.76937720943331,28.552612252901515,30.643681298574098,25.201009851866253,4
POL,Poland,D3,Cold-dry PM2.5 domain,0.08637085853390797,0.0026158708363226537,0.524238365992296,0.10305155243291518,0.24093802805449807,0.04278532415006007,D3,Cold-dry PM2.5 domain,0.0,0.0,0.4138074775586374,0.14529973082770903,0.3048348154277302,0.13605797618592344,D3,Cold-dry PM2.5 domain,0.0,0.0,0.35532788898241663,0.15296233001443063,0.29790035001024123,0.1938094309929115,D6,High-SDI low-exposure domain,0.0,0.0,0.0,0.34435454122063475,0.23929958388900374,0.4163458748903616,-0.08637085853390797,-0.0026158708363226537,-0.524238365992296,0.24130298878771955,-0.0016384441654943294,0.37356055074030153,5,4713.272901296809,4028.56565104799,1253.02460163321,685.8145618349142,6120.52093254584,4143.42524774958,1348.55188731869,570.236445260734,-29.857130293937374,-2.8511288297290336,-7.623735843731104,16.852677532093825,4
ROU,Romania,D3,Cold-dry PM2.5 domain,0.0,0.10771577263765493,0.4939676477551952,0.022739652183516756,0.2645389251995599,0.11103800222407322,D3,Cold-dry PM2.5 domain,0.15995544476869,0.0,0.2882398890696552,0.28641213085758294,0.010896152418868342,0.2544963828852036,D5,Warm-humid climate domain,0.0,0.0,0.31221489569688116,0.12093965299908836,0.3304828312904741,0.23636262001355637,D6,High-SDI low-exposure domain,0.0,0.0,0.0,0.3703150064911408,0.21158155576582946,0.4181034377430298,0.0,-0.10771577263765493,-0.4939676477551952,0.34757535430762404,-0.052957369433730445,0.3070654355189566,5,11908.92491548,4979.32735984368,2279.80370915314,1783.4637862234656,3978.84291717186,3850.88072330858,1424.08924922456,1159.1929268364554,66.5894029443422,22.66263201804282,37.534567405649376,35.0032820519962,4
SRB,Serbia,D3,Cold-dry PM2.5 domain,0.0,0.11854369806755492,0.31108068045576737,0.21701509254166246,0.17021771528925422,0.18314281364576096,D4,Hot-dry PM2.5 domain,0.0951639212771224,0.12524981949499453,0.22301438786561084,0.30134649266217045,0.0,0.25522537870010176,D3,Cold-dry PM2.5 domain,0.0574606766293529,0.0,0.2538792160671089,0.24905582654895683,0.21856332044093513,0.22104096031364628,D4,Hot-dry PM2.5 domain,0.0,0.0,0.03437515297140847,0.40158286278272265,0.22721949336495154,0.33682249088091726,0.0,-0.11854369806755492,-0.2767055274843589,0.1845677702410602,0.05700177807569731,0.1536796772351563,5,7183.55672243951,3937.9246634155497,1324.50838663128,886.4139635208834,2731.98412481344,2869.0666983215497,912.58516434478,695.5456239938038,61.96892110172316,27.142671748497303,31.10008411001268,21.53264133711752,4
SVK,Slovakia,D3,Cold-dry PM2.5 domain,0.0,0.01952258477504015,0.4306391880491461,0.14129771586966547,0.26292645728898223,0.14561405401716596,D3,Cold-dry PM2.5 domain,0.0,0.0,0.2658931044468667,0.2583702671653711,0.21489543462698002,0.26084119376078224,D6,High-SDI low-exposure domain,0.0,0.0,0.20146853356443856,0.21942078000056378,0.28945998309768034,0.28965070333731735,D6,High-SDI low-exposure domain,0.0,0.0,0.0,0.30679739273514367,0.2637441483962532,0.4294584588686033,0.0,-0.01952258477504015,-0.4306391880491461,0.1654996768654782,0.0008176911072709792,0.28384440485143736,5,9158.15975702453,8422.65622282947,2270.50682201303,1125.5513874037551,4262.79824321474,4742.73522187301,1402.51619851716,743.7953436007306,53.45355009836915,43.69074201297798,38.228937040863414,33.91724696671552,4
SVN,Slovenia,D5,Warm-humid climate domain,0.0,0.0,0.272973184567964,0.23048869077983924,0.3008385682616482,0.1956995563905485,D4,Hot-dry PM2.5 domain,0.0,0.0,0.1267184218347362,0.3102080749290788,0.26380612568671286,0.29926737754947197,D6,High-SDI low-exposure domain,0.0,0.0,0.06379211747164164,0.2723308954583217,0.312017465651745,0.3518595214182916,D6,High-SDI low-exposure domain,0.0,0.0,0.0,0.26696944696716823,0.3285262050451706,0.404504347987661,0.0,0.0,-0.272973184567964,0.03648075618732899,0.02768763678352243,0.2088047915971125,4,7225.32594456877,6118.57641025407,1658.36171359871,388.5857907522652,3512.39553932483,3258.59832871028,1094.6349347340702,239.12342471758012,51.387721934329136,46.74254090789447,33.9929928580738,38.46315783841198,6
BLR,Belarus,D3,Cold-dry PM2.5 domain,0.053853066220925165,0.0,0.6363517410412493,0.0,0.3083484878081771,0.0014467049296485385,D3,Cold-dry PM2.5 domain,0.0874965457136857,0.0,0.5445722553731561,0.08003374323424707,0.17905240311672635,0.10884505256218474,D3,Cold-dry PM2.5 domain,0.0,0.0,0.37510272850746457,0.11250565719704246,0.2621229400726614,0.25026867422283156,D6,High-SDI low-exposure domain,0.0,0.0,0.016754623247328633,0.2992497636444014,0.17616040340258257,0.5078352097056873,-0.053853066220925165,0.0,-0.6195971177939206,0.2992497636444014,-0.1321880844055945,0.5063885047760388,5,5710.234429207891,4640.83154188312,1971.2862141787296,1737.9982528175387,2812.2260922291603,3006.71546960582,1486.71422375844,1426.2328214408049,50.75112717186174,35.21170845202067,24.581513680506824,17.9381901490015,4
EST,Estonia,D3,Cold-dry PM2.5 domain,0.0,0.0,0.4509068740665774,0.017135975127910905,0.34002268316025114,0.1919344676452605,D3,Cold-dry PM2.5 domain,0.0,0.0,0.31335995471859623,0.11809721867871532,0.26857174519489113,0.29997108140779744,D6,High-SDI low-exposure domain,0.0,0.0,0.06762000398927114,0.1705746986748828,0.23243355208411856,0.5293717452517276,D6,High-SDI low-exposure domain,0.0,0.0,0.0,0.12720485850908014,0.2749570966082129,0.597838044882707,0.0,0.0,-0.4509068740665774,0.11006888338116924,-0.06506558655203826,0.40590357723744647,5,5593.35437904656,5042.28237658077,2186.13709814766,1939.968228955912,2502.66755265997,4730.24969192578,1646.28778375305,1068.3431813298048,55.25640996330768,6.188322298335514,24.694211303217468,44.929861974864124,4
LVA,Latvia,D3,Cold-dry PM2.5 domain,0.0,0.0,0.5720224534416277,0.041622957176886154,0.38635458938148615,0.0,D3,Cold-dry PM2.5 domain,0.0,0.0,0.5159670113899749,0.10914096696804292,0.2757270094716034,0.09916501217037883,D6,High-SDI low-exposure domain,0.0,0.0,0.2947672682963781,0.14069043059477182,0.2657874653125653,0.2987548357962849,D6,High-SDI low-exposure domain,0.0,0.0,0.0,0.287454310572078,0.22178933801299247,0.49075635141492957,0.0,0.0,-0.5720224534416277,0.24583135339519183,-0.16456525136849368,0.49075635141492957,5,5010.249701643061,4924.55819079441,2074.3434018442304,1839.6451480627104,2280.11548821399,4276.3131557963,1671.36495633729,927.1409184691807,54.4909810090653,13.16351660154792,19.42679525235144,49.602187169328154,4
LTU,Lithuania,D3,Cold-dry PM2.5 domain,0.0,0.0,0.5469396400524822,0.02993146539739499,0.400925440699038,0.022203453851084846,D3,Cold-dry PM2.5 domain,0.005943719928171213,0.0,0.47571622625402565,0.10620546591816601,0.2811853243345321,0.13094926356510506,D6,High-SDI low-exposure domain,0.0,0.0,0.2636799231357897,0.1435352981118084,0.2762029251145688,0.31658185363783325,D6,High-SDI low-exposure domain,0.0,0.0,0.0,0.26907541218703906,0.2226313942727807,0.5082931935401801,0.0,0.0,-0.5469396400524822,0.23914394678964407,-0.17829404642625732,0.48608973968909525,5,4890.65881661937,4504.7587592869495,1841.86225231582,1670.131478450851,2494.58269142178,4696.770046422101,1830.2464722621696,1431.2089602621152,48.99291107887708,-4.262409984536982,0.6306541131968721,14.305611340871865,4
MDA,Republic of Moldova,D3,Cold-dry PM2.5 domain,0.0,0.16160583113906707,0.4190628963032178,0.12822224836416624,0.17374288909128285,0.11736613510226601,D3,Cold-dry PM2.5 domain,0.21296832405879723,0.05562047220086517,0.3934805026130822,0.19286120460733125,0.0,0.1450694965199243,D6,High-SDI low-exposure domain,0.26559230234861436,0.0,0.21411116811060069,0.23080370019180985,0.0,0.2894928293489751,D6,High-SDI low-exposure domain,0.07904003766942018,0.09985342982418946,0.0,0.37209061613891975,0.0,0.4490159163674706,0.07904003766942018,-0.06175240131487761,-0.4190628963032178,0.24386836777475351,-0.17374288909128285,0.3316497812652046,5,8298.186352769491,5405.19384871472,2555.8148976756697,1346.1668040809334,3178.68813458312,4951.25831239561,1850.73913545889,1101.6314756328215,61.694182325487986,8.398136108051876,27.587121542252362,18.16530668463951,4
RUS,Russian Federation,D3,Cold-dry PM2.5 domain,0.0,0.0,0.5550821440549807,0.01452701416523092,0.2872764577380764,0.143114384041712,D3,Cold-dry PM2.5 domain,0.0,0.0,0.5274682892709199,0.05219139448229355,0.20296281677761407,0.2173774994691724,D6,High-SDI low-exposure domain,0.0,0.0,0.2019239871546207,0.2796740380620939,0.09578136704378495,0.42262060773950055,D6,High-SDI low-exposure domain,0.0,0.0,0.0,0.320048744496169,0.10599475773180043,0.5739564977720306,0.0,0.0,-0.5550821440549807,0.30552173033093805,-0.18128170000627597,0.4308421137303186,5,4843.42828705388,4176.9431515403,1803.47921289748,1359.5882183693247,1909.91374023656,3623.5300186905697,1273.75746725316,938.4024790303592,60.56690370864754,13.249237846238163,29.37221243561028,30.97891947343668,4
UKR,Ukraine,D3,Cold-dry PM2.5 domain,0.0,0.021855056209007195,0.5871820630520675,0.09167415282820368,0.2768872875029953,0.02240144040772617,D3,Cold-dry PM2.5 domain,0.1834193880969637,0.0,0.41811954988269057,0.23833403819987584,0.0,0.16012702382046992,D6,High-SDI low-exposure domain,0.12707534778573662,0.0,0.22738172084218355,0.2923193670992576,0.03901324352090316,0.3142103207519192,D6,High-SDI low-exposure domain,0.1343949075124132,0.0,0.03797530230593457,0.38479219988863467,0.0,0.44283759029301756,0.1343949075124132,-0.021855056209007195,-0.549206760746133,0.293118047060431,-0.2768872875029953,0.4204361498852914,5,4044.8209275876898,3553.86016605876,1740.79942567503,1871.835837197867,1974.22707580553,2480.30287982376,1328.86675017665,1405.8561589420783,51.19123661716839,30.208202801225514,23.663419772708448,24.894259902265734,4
BRN,Brunei Darussalam,D5,Warm-humid climate domain,0.2359556377936054,0.0,0.0,0.0,0.6794186694832263,0.08462569272316822,D5,Warm-humid climate domain,0.17945553443735152,0.0,0.0,0.0,0.7290258478295194,0.0915186177331291,D5,Warm-humid climate domain,0.12896832547302575,0.0,0.0,0.0,0.7908155740276894,0.08021610049928479,D5,Warm-humid climate domain,0.09099549366971559,0.0,0.0,0.0,0.8266306266919607,0.08237387963832367,-0.1449601441238898,0.0,0.0,0.0,0.14721195720873448,-0.0022518130848445533,3,3430.07374988524,5643.91035950845,971.35635509257,206.0737661681044,2212.60041728681,3446.45738537291,607.28890208133,203.96511807383555,35.49408617348717,38.93493755501327,37.480318227448514,1.023249166295496,2
JPN,Japan,D5,Warm-humid climate domain,0.0,0.0,0.0,0.2332449114749478,0.4439827688787182,0.32277231964633396,D5,Warm-humid climate domain,0.0,0.0,0.0,0.24721447971925795,0.4096369358739172,0.3431485844068249,D5,Warm-humid climate domain,0.0,0.0,0.0,0.2522008127585729,0.42100531784622225,0.32679386939520494,D5,Warm-humid climate domain,0.0,0.0,0.0,0.2780073338853791,0.38068135647642465,0.3413113096381961,0.0,0.0,0.0,0.044762422410431324,-0.06330141240229353,0.018538989991862154,4,2873.20705245478,5967.8270590293005,1102.26337760275,571.726099479139,1385.5536510448198,3728.81850858211,1205.35486822522,391.2769077889647,51.77675587768569,37.51798650162924,-9.352709408406328,31.56217493911321,6
KOR,Republic of Korea,D4,Hot-dry PM2.5 domain,0.1582732133864686,0.0,0.18573086407293743,0.26030097040222133,0.16720242811016897,0.22849252402820383,D4,Hot-dry PM2.5 domain,0.0,0.0,0.08424944468315157,0.3832097369416735,0.18148253136398482,0.3510582870111901,D4,Hot-dry PM2.5 domain,0.0,0.0,0.0,0.43383119336170073,0.1938745415609276,0.3722942650773717,D4,Hot-dry PM2.5 domain,0.0,0.0,0.0401741977943946,0.4394190326690779,0.16915945014434408,0.3512473193921835,-0.1582732133864686,0.0,-0.14555666627854283,0.17911806226685656,0.00195702203417511,0.12275479536397968,4,3472.35823976268,3288.53750838274,765.31859237514,522.4431900425692,1547.10960944557,3739.41003727048,764.9877669219201,389.4434974082794,55.44498860373036,-13.710426830724327,0.043227154875888636,25.457254524353708,6
SGP,Singapore,D5,Warm-humid climate domain,0.02097896942798195,0.0,0.0764585009809864,0.15831620283743547,0.744246326753596,0.0,D5,Warm-humid climate domain,0.12397462010618354,0.0,0.08949574315679423,0.048026217164638306,0.7385034195723839,0.0,D5,Warm-humid climate domain,0.10017768415156039,0.0,0.0,0.043215480093091826,0.7669846422818697,0.08962219347347804,D5,Warm-humid climate domain,0.07667782076870369,0.0,0.0,0.05745999367271412,0.7923822650089412,0.07347992054964111,0.05569885134072174,0.0,-0.0764585009809864,-0.10085620916472135,0.04813593825534512,0.07347992054964111,3,5900.15466048359,8161.49571658872,1318.88157071926,528.8095577378793,2430.49951779291,6259.8261571118,1212.11479861229,411.4437264220923,58.80617275897475,23.30050306357038,8.095250891158031,22.194347586652928,2
AUS,Australia,D5,Warm-humid climate domain,0.0,0.04627920563546131,0.0,0.1142213020851292,0.4649245315039394,0.3745749607754699,D5,Warm-humid climate domain,0.0,0.019572165997302646,0.0,0.1680298921117342,0.4165632177657661,0.3958347241251971,D6,High-SDI low-exposure domain,0.0,0.07492527818878089,0.0,0.10249853338287156,0.4085316350920595,0.41404455333628803,D6,High-SDI low-exposure domain,0.0,0.02302980161054107,0.0,0.2359729227868584,0.33024644273588166,0.4107508328667188,0.0,-0.02324940402492024,0.0,0.12175162070172921,-0.13467808876805776,0.036175872091248895,4,1194.00211309002,5069.56209101904,903.06794172266,429.5820802523007,608.6981479992099,2869.99059557039,657.70332461086,329.8008486604137,49.02034583306319,43.387800680956076,27.170117083743577,23.227512547377174,6
NZL,New Zealand,D5,Warm-humid climate domain,0.0,0.018481426793856365,0.0,0.1639440974341878,0.44868474355972,0.3688897322122357,D5,Warm-humid climate domain,0.0,0.0,0.0,0.18558386716010386,0.43510357291049184,0.3793125599294043,D5,Warm-humid climate domain,0.0,0.0,0.0,0.14050871392319758,0.46999466628598785,0.3894966197908146,D5,Warm-humid climate domain,0.0,0.0,0.0,0.15059737286014166,0.4583692474417929,0.39103337969806545,0.0,-0.018481426793856365,0.0,-0.013346724574046148,0.009684503882072926,0.022143647485829754,4,1925.42028916608,8228.00373482133,1336.42958384697,634.4388497903095,1050.28347689401,4787.283720960269,1020.07041285132,492.9535221422634,45.45172901710209,41.81719071540717,23.67196706952539,22.3008612563384,6
AND,Andorra,D6,High-SDI low-exposure domain,0.0,0.0,0.2295575696626961,0.17114203444974593,0.2404452076269031,0.3588551882606548,D6,High-SDI low-exposure domain,0.0,0.0,0.17061507310739432,0.25554141475269543,0.1654969990310483,0.4083465131088618,D6,High-SDI low-exposure domain,0.0,0.0,0.08373602940199983,0.24701530329599494,0.15374929715017993,0.5154993701518252,D6,High-SDI low-exposure domain,0.0,0.0,0.0,0.3010987837976615,0.15449679101149857,0.54440442519084,0.0,0.0,-0.2295575696626961,0.12995674934791554,-0.08594841661540453,0.18554923693018516,4,1859.11618397713,6017.65461191327,996.18502204842,168.41894688313388,866.5960096795799,4130.98760583973,858.35484827781,170.7579437996626,53.38666743109584,31.352198285665438,13.835800651488888,-1.3887967831503822,6
AUT,Austria,D6,High-SDI low-exposure domain,0.0,0.0,0.22005310620808352,0.2556066991626798,0.24465201227781463,0.279688182351422,D6,High-SDI low-exposure domain,0.0,0.0,0.14580313871247988,0.27174835338089903,0.26713039333046035,0.3153181145761608,D6,High-SDI low-exposure domain,0.0,0.0,0.21229634801182778,0.19550107028270977,0.24341717647547972,0.34878540522998275,D6,High-SDI low-exposure domain,0.0,0.0,0.0,0.2914713705259479,0.22373145025133828,0.4847971792227138,0.0,0.0,-0.22005310620808352,0.0358646713632681,-0.020920562026476353,0.2051089968712918,4,1318.3522948342,4482.182047950991,1050.94461875075,488.1771021080698,966.88244831954,2408.53403242303,705.2955792228901,303.512770087011,26.659781902898867,46.26425239635055,32.889367656568844,37.82732357245606,6
BEL,Belgium,D4,Hot-dry PM2.5 domain,0.0,0.0,0.05621008239290969,0.3705016506816584,0.27663422489648765,0.2966540420289442,D5,Warm-humid climate domain,0.0,0.0,0.03883603230109981,0.3041899643574197,0.35740667399762355,0.2995673293438571,D6,High-SDI low-exposure domain,0.0,0.0,0.11721457939617257,0.2988508047583916,0.219716371087288,0.36421824475814796,D6,High-SDI low-exposure domain,0.0,0.0,0.0,0.23563605545749433,0.3301725426723032,0.43419140187020255,0.0,0.0,-0.05621008239290969,-0.13486559522416408,0.05353831777581558,0.13753735984125837,4,1657.66812339022,6981.519493132921,1456.96128068536,929.979557801234,902.98863430065,5189.44775586285,1270.52260688058,680.5361279510113,45.52657304805494,25.668792288451925,12.796405524042372,26.822463758234207,6
CYP,Cyprus,D4,Hot-dry PM2.5 domain,0.0,0.19181387698415028,0.0,0.4064908677410316,0.15000520778344606,0.2516900474913721,D4,Hot-dry PM2.5 domain,0.0,0.024898920938071275,0.0,0.5498509651836551,0.199501121028123,0.22574899285015074,D4,Hot-dry PM2.5 domain,0.0,0.0,0.0,0.5320669103458775,0.23037150716073398,0.23756158249338852,D4,Hot-dry PM2.5 domain,0.0,0.0,0.0,0.46332931921378906,0.26153265096556094,0.27513802982064994,0.0,-0.19181387698415028,0.0,0.056838451472757456,0.11152744318211488,0.02344798232927786,1,1453.94681585584,5192.3944106682,896.7261229319901,437.8147199663544,686.76441690435,2742.96587853751,570.8611446106099,352.8554754422126,52.76550631598595,47.17339127971748,36.339409546352044,19.405296498635504,5
DNK,Denmark,D6,High-SDI low-exposure domain,0.0,0.0,0.0,0.3447241014265679,0.292269534240189,0.36300636433324307,D6,High-SDI low-exposure domain,0.0,0.0,0.0,0.3281732637015125,0.28710015172439546,0.38472658457409215,D6,High-SDI low-exposure domain,0.0,0.0,0.017791705615709735,0.2991027701736064,0.1576011069549103,0.5255044172557733,D6,High-SDI low-exposure domain,0.0,0.0,0.0,0.21779661523264113,0.3019817617290101,0.48022162303834887,0.0,0.0,0.0,-0.12692748619392677,0.009712227488821112,0.1172152587051058,4,1693.50218072981,6726.010584220141,1469.5606671346202,694.9361207766441,908.84469884537,4717.05552221671,1168.52105837081,448.5452331526597,46.33342022307253,29.868449311046724,20.485007219932168,35.45518505335768,6
FIN,Finland,D6,High-SDI low-exposure domain,0.0,0.0,0.04903810467699899,0.2070387888736512,0.19915428677669378,0.5447688196726561,D6,High-SDI low-exposure domain,0.0,0.0,0.0,0.21643154995231584,0.21893806754856387,0.5646303824991202,D6,High-SDI low-exposure domain,0.0,0.0,0.05066579403772533,0.20029417842110978,0.11081835135299138,0.6382216761881737,D6,High-SDI low-exposure domain,0.0,0.0,0.0,0.13498014345003279,0.16831034575024198,0.6967095107997252,0.0,0.0,-0.04903810467699899,-0.07205864542361842,-0.0308439410264518,0.1519406911270691,4,1616.0273528929,9085.50928037646,1709.67556089188,918.08041592682,924.55468079875,1529.34319790331,617.86490115504,386.1142786237301,42.78842625134553,83.16722650642716,63.8606929122435,57.94330519141504,6
FRA,France,D4,Hot-dry PM2.5 domain,0.0,0.0,0.0,0.40046709900858435,0.2597674557432112,0.3397654452482045,D4,Hot-dry PM2.5 domain,0.0,0.0,0.0,0.34302644890941364,0.3303017319313575,0.3266718191592288,D6,High-SDI low-exposure domain,0.0,0.0,0.0,0.38018099382876325,0.20922837262228322,0.4105906335489534,D6,High-SDI low-exposure domain,0.0,0.0,0.0,0.26384568619432286,0.30663747264051744,0.4295168411651596,0.0,0.0,0.0,-0.1366214128142615,0.046870016897306244,0.08975139591695508,4,1327.7002298285,7019.250537766419,1312.27073414267,796.6160048780401,888.37166618839,4778.48356771642,1176.3811681408,618.2470640133101,33.08943945101662,31.923165557259463,10.355299593772415,22.390830685361117,6
DEU,Germany,D4,Hot-dry PM2.5 domain,0.0,0.0,0.030182520248860884,0.39490147567789036,0.23239760002127618,0.3425184040519725,D6,High-SDI low-exposure domain,0.0,0.0,0.0,0.35356779909525304,0.28285609086093305,0.36357611004381385,D6,High-SDI low-exposure domain,0.0,0.0,0.11309625995009896,0.276844672792855,0.20890346526227596,0.4011556019947701,D6,High-SDI low-exposure domain,0.0,0.0,0.0,0.25363651105338564,0.2831682555847516,0.46319523336186286,0.0,0.0,-0.030182520248860884,-0.14126496462450472,0.05077065556347543,0.12067682930989038,4,1403.05713981053,5108.84861716672,1178.12016410847,756.2275357582326,975.05301750308,3842.58541596244,1102.11545458407,606.2473340435158,30.50510988919867,24.785686484218587,6.451354610496433,19.832681914225585,6
GRC,Greece,D4,Hot-dry PM2.5 domain,0.0,0.1198057863477234,0.0,0.4479475566613255,0.13248541861211754,0.2997612383788335,D4,Hot-dry PM2.5 domain,0.0,0.014496134188023379,0.0,0.5519872858073164,0.13487250715399585,0.2986440728506646,D4,Hot-dry PM2.5 domain,0.0,0.0,0.0,0.4316500607100701,0.2756206651623458,0.29272927412758426,D4,Hot-dry PM2.5 domain,0.0,0.0,0.0,0.3932245914390462,0.2895957217521525,0.31717968680880126,0.0,-0.1198057863477234,0.0,-0.05472296522227932,0.15711030314003493,0.01741844842996776,4,1537.31325535877,5721.5188997139,1209.9462864207298,667.3508508946012,847.25239032861,5374.17251214126,1449.42777809716,597.8813672262827,44.88745950929287,6.070877220907353,-19.792737443317886,10.409739281098219,6
ISL,Iceland,D6,High-SDI low-exposure domain,0.0,0.0,0.03779943394184309,0.013551269727092679,0.3533242250935506,0.5953250712375137,D6,High-SDI low-exposure domain,0.0,0.0,0.0,0.08915989113421095,0.2912556371194859,0.6195844717463032,D6,High-SDI low-exposure domain,0.0,0.0,0.0,0.15067524304468502,0.22786429494987145,0.6214604620054435,D6,High-SDI low-exposure domain,0.0,0.0,0.0,0.10925382951584936,0.25073086309949655,0.6400153073846542,0.0,0.0,-0.03779943394184309,0.09570255978875668,-0.10259336199405406,0.044690236147140516,4,1666.38511619924,8625.33252093659,1356.06765096553,661.3399008476256,875.87520963528,4268.77811711284,869.1881537959699,457.2691924697332,47.43860821122716,50.5088284219643,35.90377639514506,30.857159550835995,6
IRL,Ireland,D6,High-SDI low-exposure domain,0.0,0.045400712792829305,0.0,0.25346707988943096,0.33845908564896365,0.3626731216687761,D5,Warm-humid climate domain,0.0,0.0,0.0,0.220265058107077,0.42349101913899173,0.3562439227539313,D6,High-SDI low-exposure domain,0.0,0.0,0.0,0.25908681804214506,0.26753996764990906,0.47337321430794577,D6,High-SDI low-exposure domain,0.0,0.0,0.0,0.17837723553568208,0.40758121443022205,0.414041550034096,0.0,-0.045400712792829305,0.0,-0.07508984435374888,0.0691221287812584,0.05136842836531991,4,1842.59970207867,10207.88228022265,1636.29336745278,857.4216456697123,865.4916176377999,4105.46061711158,881.09900223757,520.5116212667729,53.02877686013825,59.78146588675165,46.15274865966255,39.293389209901136,6
ISR,Israel,D4,Hot-dry PM2.5 domain,0.0,0.06342686974611171,0.0,0.47669099542632704,0.2194519596992661,0.24043017512829523,D4,Hot-dry PM2.5 domain,0.0,0.0,0.0,0.5188575822993757,0.26728540712142934,0.213857010579195,D4,Hot-dry PM2.5 domain,0.0,0.0,0.0,0.5183230168735992,0.2588991307096028,0.22277785241679798,D4,Hot-dry PM2.5 domain,0.0,0.0,0.0,0.5080820491026447,0.25101909227250446,0.24089885862485094,0.0,-0.06342686974611171,0.0,0.031391053676317615,0.03156713257323837,0.00046868349655571073,4,1721.25125081432,5807.96299043298,1043.69939067747,20481.711286710262,884.3571806034299,4416.9533850076095,835.25211278692,15759.981554877028,48.62126141171763,23.95004251433207,19.971965084241933,23.0533946394263,6
ITA,Italy,D4,Hot-dry PM2.5 domain,0.0,0.0,0.13804975261226302,0.3814822512462373,0.281390995263787,0.19907700087771263,D4,Hot-dry PM2.5 domain,0.0,0.0,0.04705787730001238,0.4519301033033573,0.24892654185497934,0.2520854775416509,D4,Hot-dry PM2.5 domain,0.0,0.0,0.02802265606037164,0.35202159065680305,0.3102041578145502,0.3097515954682749,D4,Hot-dry PM2.5 domain,0.0,0.0,0.0,0.3658130763082248,0.2949187862387984,0.33926813745297696,0.0,0.0,-0.13804975261226302,-0.01566917493801251,0.013527790975011389,0.14019113657526433,4,1425.27595080398,4017.8223283596,907.68014623358,608.4720846985235,846.3678618682001,3598.24081397532,1035.48410029847,495.61496777826574,40.61726352775582,10.443008179398186,-14.080285284988618,18.54762441175498,6
LUX,Luxembourg,D4,Hot-dry PM2.5 domain,0.003806993237453083,0.0,0.16259821032786367,0.300175858732295,0.2450983010946195,0.2883206366077685,D5,Warm-humid climate domain,0.0,0.0,0.10987104962648982,0.26276034685438276,0.3175515946825532,0.30981700883657415,D6,High-SDI low-exposure domain,0.0,0.0,0.09931281683128418,0.2980774446070629,0.19927690298669798,0.40333283557495503,D6,High-SDI low-exposure domain,0.0,0.0,0.0,0.2222026702201777,0.3009780346612582,0.4768192951185641,-0.003806993237453083,0.0,-0.16259821032786367,-0.07797318851211732,0.05587973356663872,0.18849865851079556,4,1419.7560359305398,5537.620269283801,1161.53353073448,194.28723704867892,854.54591423364,3470.8381824419203,732.12871553248,161.1474685936851,39.8103693446493,37.322567932401476,36.96878340916011,17.05710007430422,6
MLT,Malta,D6,High-SDI low-exposure domain,0.0,0.21823487272059722,0.0,0.22274984247761961,0.2675924067313769,0.2914228780704062,D4,Hot-dry PM2.5 domain,0.0,0.07990325030114571,0.0,0.33933048773879715,0.2923167918887394,0.28844947007131766,D4,Hot-dry PM2.5 domain,0.0,0.0,0.0,0.36218001440248826,0.33355177766751903,0.30426820792999254,D6,High-SDI low-exposure domain,0.0,0.043003132513217655,0.0,0.33329419259796544,0.28747430328354673,0.33622837160527014,0.0,-0.17523174020737955,0.0,0.11054435012034583,0.01988189655216982,0.04480549353486396,4,1655.5757410276,6884.406438278929,1210.76640949533,705.0255666113901,796.7060449254699,4442.305765129409,1021.45707969581,511.3813040446006,51.87740281631802,35.47292994746595,15.635495692222554,27.4662752299203,6
NLD,Netherlands,D4,Hot-dry PM2.5 domain,0.0,0.0,0.0,0.40612654560894995,0.2689345082244068,0.32493894616664326,D4,Hot-dry PM2.5 domain,0.0,0.0,0.0049541405331437775,0.3460708020572598,0.3239544825109661,0.3250205748986304,D6,High-SDI low-exposure domain,0.0,0.0,0.0556334378546019,0.3348197556859906,0.2004978059122982,0.4090490005471093,D6,High-SDI low-exposure domain,0.0,0.0,0.0,0.22521097496562353,0.35289824114845586,0.4218907838859207,0.0,0.0,0.0,-0.18091557064332642,0.08396373292404907,0.09695183771927746,4,1379.89577072403,6315.36399718919,1122.69187317754,382.1695534512632,784.8143861817499,4341.34400866918,1063.11680251192,327.7721901996583,43.12509663175802,31.257422207153805,5.306448909887037,14.233829660253662,6
NOR,Norway,D6,High-SDI low-exposure domain,0.0,0.0,0.06355607106863527,0.18529750411422705,0.3144909262970518,0.43665549852008584,D6,High-SDI low-exposure domain,0.0,0.0,0.1061299650400116,0.1533099714290239,0.3099756220266991,0.4305844415042655,D6,High-SDI low-exposure domain,0.0,0.0,0.012726118082192248,0.22323847157131635,0.12784548360448098,0.6361899267420105,D6,High-SDI low-exposure domain,0.0,0.0,0.0,0.13794468540459023,0.24336267046467833,0.6186926441307314,0.0,0.0,-0.06355607106863527,-0.04735281870963681,-0.07112825583237345,0.1820371456106456,4,1756.64563905162,10754.08035955074,2065.07047947317,905.4693589985576,1050.68929862907,5197.134601421019,1230.31011894613,620.4052591357604,40.18774901030595,51.672905281896796,40.422850882067706,31.482467852703046,6
PRT,Portugal,D6,High-SDI low-exposure domain,0.0,0.22871418732351656,0.0,0.12190228688477939,0.32192798604569023,0.3274555397460137,D5,Warm-humid climate domain,0.0,0.0856342200828507,0.0,0.21340753706318205,0.39117387480764715,0.30978436804632015,D5,Warm-humid climate domain,0.0,0.024161031077417572,0.0,0.20212337351582044,0.4233286297908996,0.35038696561586247,D5,Warm-humid climate domain,0.0,0.0,0.0,0.23768036496152767,0.3999428552419131,0.3623767797965593,0.0,-0.22871418732351656,0.0,0.11577807807674828,0.07801486919622286,0.03492124005054559,4,2243.51035012067,7549.273758004139,1600.41111128154,883.4419780416878,863.89445847974,5490.57432613106,1513.40853588126,602.1712376384278,61.49362723317615,27.270165288287995,5.436264144068087,31.838054721686255,6
ESP,Spain,D6,High-SDI low-exposure domain,0.0,0.1331124506358878,0.0,0.28953909641286996,0.24766832208852865,0.3296801308627137,D4,Hot-dry PM2.5 domain,0.0,0.022168944327008864,0.0,0.3996841710994763,0.25032599882340495,0.32782088575011004,D6,High-SDI low-exposure domain,0.0,0.0,0.0,0.33337784405197435,0.2968271438165099,0.3697950121315157,D6,High-SDI low-exposure domain,0.0,0.0,0.0,0.3637188704018935,0.24844091873589527,0.38784021086221115,0.0,-0.1331124506358878,0.0,0.07417977398902353,0.000772596647366619,0.05816007999949746,4,1478.35759856201,5733.51326969936,1200.3362030206,725.296628288616,879.79038967876,3879.3012404664496,1019.90175092171,511.8233860113078,40.4886618410507,32.33989252335221,15.031992840408673,29.4325430384272,6
SWE,Sweden,D6,High-SDI low-exposure domain,0.0,0.0,0.0,0.2778084698805328,0.24287353298091938,0.4793179971385478,D6,High-SDI low-exposure domain,0.0,0.0,0.0,0.25234822957930264,0.2578969638450081,0.4897548065756892,D6,High-SDI low-exposure domain,0.0,0.0,0.0,0.23760220003508742,0.11878420409388495,0.6436135958710277,D6,High-SDI low-exposure domain,0.0,0.0,0.0,0.17168825601947535,0.2066084871058385,0.6217032568746861,0.0,0.0,0.0,-0.10612021386105747,-0.036265045875080865,0.1423852597361383,4,1424.75798594768,7354.49672682995,1657.08728014068,806.8926186993089,871.89520946306,3666.94361936973,967.86137391,469.0469415388353,38.80397807469613,50.140114877033696,41.592613406106615,41.869967493948884,6
CHE,Switzerland,D6,High-SDI low-exposure domain,0.0,0.0,0.22025239427866528,0.2690860081571022,0.2281474288135373,0.28251416875069507,D6,High-SDI low-exposure domain,0.0,0.0,0.14897389082814547,0.2738713863951254,0.26754190569335967,0.30961281708336946,D6,High-SDI low-exposure domain,0.0,0.0,0.07214779916691781,0.26363144992083964,0.2399470227397408,0.42427372817250175,D6,High-SDI low-exposure domain,0.0,0.0,0.0,0.22641799958392925,0.29184067257209023,0.48174132784398044,0.0,0.0,-0.22025239427866528,-0.04266800857317296,0.06369324375855293,0.19922715909328537,4,1293.07455994322,6203.74028518147,1228.37943814555,300.87991048686314,808.0061329821,3512.10334610714,860.66800255797,211.74900051807649,37.5127963991821,43.38732466772817,29.934678501514455,29.623416805914744,6
GBR,United Kingdom,D4,Hot-dry PM2.5 domain,0.0,0.0,0.0,0.39783537978823835,0.26837810799953593,0.33378651221222566,D5,Warm-humid climate domain,0.0,0.0,0.0,0.31175600749861737,0.3622376145260062,0.32600637797537646,D6,High-SDI low-exposure domain,0.0,0.0,0.0,0.3145718109982329,0.23429136290453156,0.45113682609723543,D6,High-SDI low-exposure domain,0.0,0.0,0.0,0.25463400580495615,0.32292092096487895,0.4224450732301649,0.0,0.0,0.0,-0.1432013739832822,0.054542812965343024,0.08865856101793923,4,1557.90528909073,9686.73448796811,1970.1807567357296,1004.6194346453744,812.8425486624499,5594.04750632537,1316.2151993261,628.4976079543173,47.82464926755178,42.25043007761042,33.19317555883271,37.43923457182831,6
ARG,Argentina,D4,Hot-dry PM2.5 domain,0.17183071417325027,0.141586653413591,0.0,0.2761548280601974,0.13829916198486472,0.27212864236809664,D5,Warm-humid climate domain,0.0,0.18561769443045437,0.0,0.21577494148811274,0.3044111115233631,0.2941962525580699,D6,High-SDI low-exposure domain,0.0,0.138905127600299,0.0,0.25767256036469777,0.27477755497078776,0.3286447570642155,D4,Hot-dry PM2.5 domain,0.0,0.049595644764051636,0.0,0.3726078057738378,0.25804391132189675,0.31975263814021376,-0.17183071417325027,-0.09199100864953937,0.0,0.09645297771364036,0.11974474933703202,0.04762399577211712,4,4602.275775674229,8176.42351611587,1840.74365308643,1084.4237691263204,2512.36657406578,12158.65095870354,2247.42459258592,1414.6988519050758,45.410342697299136,-48.70378148512771,-22.09329576215547,-30.456274768381892,6
CHL,Chile,D4,Hot-dry PM2.5 domain,0.12394311304316111,0.18341621470076272,0.10944515581912578,0.3159679903861936,0.0,0.26722752605075656,D4,Hot-dry PM2.5 domain,0.0,0.13818326212956827,0.15880934736612612,0.29197874073289354,0.18561956742855454,0.22540908234285736,D4,Hot-dry PM2.5 domain,0.0,0.08052612485166671,0.0,0.4430229560387414,0.10835026678130548,0.3681006523282864,D4,Hot-dry PM2.5 domain,0.0,0.0,0.0,0.5220702520399317,0.15276214517611894,0.3251676027839492,-0.12394311304316111,-0.18341621470076272,-0.10944515581912578,0.20610226165373813,0.15276214517611894,0.057940076733192625,1,4595.35147124098,13606.90853053843,2078.63125926035,1135.0420986354286,1966.1432787402705,5960.71587170627,1284.29891439038,773.6266054624148,57.214517952653765,56.193459680217295,38.21420183744476,31.841593682517598,5
URY,Uruguay,D5,Warm-humid climate domain,0.08304865230773877,0.24948126638648985,0.0,0.06552315196421524,0.3038635623297893,0.2980833670117669,D5,Warm-humid climate domain,0.0,0.2388590065513508,0.0,0.06928069257772836,0.3932182862955755,0.29864201457534517,D5,Warm-humid climate domain,0.0,0.17580590017449438,0.0,0.1343441782022548,0.37252260045643026,0.3173273211668206,D5,Warm-humid climate domain,0.0,0.051661721242087635,0.0,0.23331282922021418,0.4008784271965247,0.31414702234117353,-0.08304865230773877,-0.1978195451444022,0.0,0.16778967725599894,0.09701486486673544,0.016063655329406623,4,5227.24830023636,9819.12669794838,2310.62659179125,1114.2138683556532,2385.15484068362,7584.65495735906,1799.59699335018,822.7414454355297,54.370737648414924,22.756318451988136,22.11649429884335,26.159468231200155,6
CAN,Canada,D6,High-SDI low-exposure domain,0.0,0.0,0.0,0.22261244473758243,0.22045552591853937,0.5569320293438782,D6,High-SDI low-exposure domain,0.0,0.0,0.0,0.23384300209473904,0.18790373032643354,0.5782532675788273,D6,High-SDI low-exposure domain,0.0,0.0,0.0,0.2468787383061708,0.15098239045883058,0.6021388712349985,D6,High-SDI low-exposure domain,0.0,0.0,0.0,0.22550905159918,0.1729393733762153,0.6015515750246047,0.0,0.0,0.0,0.002896606861597567,-0.04751615254232408,0.04461954568072646,4,952.79690668741,7235.966249794789,1100.6995268098,474.4897749885026,578.20536370774,3454.93699308635,858.3884260095899,384.8656445746363,39.3149411328394,52.25327380176308,22.014282272157395,18.888527242981784,6
USA,United States of America,D4,Hot-dry PM2.5 domain,0.0,0.0,0.0,0.38876540494035694,0.2389858368168396,0.3722487582428034,D6,High-SDI low-exposure domain,0.0054721520953923495,0.023765722853903274,0.0,0.39495558619224547,0.15595515778101318,0.4198513810774457,D6,High-SDI low-exposure domain,0.0,0.010489395442922801,0.0,0.33363719607095305,0.1981443017043333,0.45772910678179074,D6,High-SDI low-exposure domain,0.0,0.0,0.0,0.2830680688514496,0.26401596863048826,0.4529159625180622,0.0,0.0,0.0,-0.10569733608890736,0.02503013181364866,0.08066720427525881,4,1416.36636126901,9415.71629617853,1615.30587784434,822.8704412508107,946.79547072534,5267.14198520371,1256.36652679948,703.960281177298,33.15320833537394,44.0601031347829,22.22113817377253,14.450653968413585,6
ATG,Antigua and Barbuda,D5,Warm-humid climate domain,0.0660040119037197,0.16634548490418016,0.0,0.0,0.5625343843257998,0.20511611886630043,D5,Warm-humid climate domain,0.0,0.16296293630402228,0.0,0.016460812896695452,0.5980138743868927,0.22256237641238957,D5,Warm-humid climate domain,0.0,0.06869479702453854,0.0,0.011293936176895301,0.7347380430664102,0.18527322373215602,D5,Warm-humid climate domain,0.0,0.04459212328868492,0.0,0.04437400534212827,0.6851575183740357,0.22587635299515102,-0.0660040119037197,-0.12175336161549524,0.0,0.04437400534212827,0.12262313404823588,0.020760234128850585,3,6626.099743463661,20954.44385666185,3452.6269653976697,1436.8460858343085,4015.9661438137,11683.50070989583,2252.14369678137,1275.09047033698,39.39170402957994,44.24332714427348,34.7701411315957,11.257685641632571,2
BHS,Bahamas,D5,Warm-humid climate domain,0.0,0.08139196746195095,0.0,0.051249649413155234,0.6259291307391124,0.24142925238578136,D5,Warm-humid climate domain,0.0,0.03553031920795978,0.0,0.13108726997773262,0.5761038362523705,0.2572785745619371,D5,Warm-humid climate domain,0.0,0.035455387755862364,0.0,0.031224145784601202,0.6225131290392344,0.310807337420302,D5,Warm-humid climate domain,0.0,0.0,0.0,0.017807968322682038,0.7050134561290601,0.2771785755482579,0.0,-0.08139196746195095,0.0,-0.0334416810904732,0.0790843253899477,0.03574932316247656,3,7132.786461034791,20285.28281359058,3002.08124074989,1648.212483803418,3296.48391560486,11777.1503467144,1898.39484207474,1361.5075893910482,53.78406554559013,41.94239018041181,36.7640416819453,17.394898851316132,2
BRB,Barbados,D5,Warm-humid climate domain,0.07130190959194445,0.1485875860971425,0.0,0.0,0.6023444321518019,0.17776607215911114,D5,Warm-humid climate domain,0.0,0.16437442983091943,0.0,0.0,0.6482452879285207,0.18738028224055994,D5,Warm-humid climate domain,0.0,0.11288546819732455,0.0,0.026454193621021443,0.6970654965798526,0.16359484160180143,D5,Warm-humid climate domain,0.0,0.1085498148536388,0.0,0.051320078625162927,0.6386401915165532,0.20148991500464514,-0.07130190959194445,-0.0400377712435037,0.0,0.051320078625162927,0.03629575936475127,0.023723842845534,3,7257.023210785191,20054.06366796101,3991.35142034997,1994.040949972638,4115.96855926126,15009.7598863359,3311.08664042616,1775.2107000588408,43.28296272851629,25.153524318784555,17.04346994993898,10.974210430171954,2
BLZ,Belize,D1,Low-SDI household-energy domain,0.6628852057854613,0.0,0.0,0.08462942668564877,0.2452720670894076,0.007213300439482439,D1,Low-SDI household-energy domain,0.5199791795182797,0.0,0.0,0.13969596772736928,0.2902275995753058,0.0500972531790452,D5,Warm-humid climate domain,0.2911387296471415,0.1308054358389455,0.0,0.012408264083021703,0.4927867469173794,0.07286082351351175,D5,Warm-humid climate domain,0.38977618684589754,0.0,0.0,0.16821026363925246,0.40861933337383316,0.033394216141016904,-0.27310901893956374,0.0,0.0,0.08358083695360369,0.16334726628442556,0.026180915701534465,3,9815.65237350722,23019.57928215292,3701.02549973844,635.8271459064374,3556.97627194726,15718.94136774096,2067.15714961085,615.8200409363791,63.762202076882225,31.714905928242338,44.14636835771759,3.1466264217983526,2
CUB,Cuba,D1,Low-SDI household-energy domain,0.34020199950385865,0.15696336468852615,0.0,0.07899812928194755,0.25983436287428463,0.16400214365138296,D1,Low-SDI household-energy domain,0.3834380791203101,0.13768834963882792,0.0,0.1637583904125122,0.12893300055047283,0.186182180277877,D5,Warm-humid climate domain,0.27226796246022755,0.14831053572216202,0.0,0.07471985793519585,0.3053688335597563,0.1993328103226583,D5,Warm-humid climate domain,0.11423856303366527,0.19995727578052766,0.0,0.033032834314954435,0.4702979770993724,0.18247334977148014,-0.2259634364701934,0.04299391109200151,0.0,-0.045965294966993114,0.21046361422508775,0.018471206120097172,3,7294.568402089931,20614.05408748884,3546.14245965111,1980.851206046568,4042.7294374621697,20111.16310238631,4106.41350230387,2082.074501266871,44.578908379227656,2.439554019642102,-15.799451066268846,-5.110090798910978,2
DMA,Dominica,D1,Low-SDI household-energy domain,0.5278822770311293,0.0,0.0,0.1248670899951081,0.2029915474795182,0.14425908549424446,D1,Low-SDI household-energy domain,0.377930519441528,0.0,0.0,0.1799491676738215,0.26840818191381377,0.17371213097083668,D5,Warm-humid climate domain,0.2944526978132123,0.0,0.0,0.14931639960313067,0.40163832929975146,0.15459257328390552,D5,Warm-humid climate domain,0.21955110522484342,0.0,0.0,0.17062328608273203,0.418250615146447,0.19157499354597757,-0.3083311718062859,0.0,0.0,0.045756196087623935,0.21525906766692882,0.04731590805173311,3,6168.24480231339,19709.534552747347,3512.4450823536104,1560.9598756577177,4088.28180227458,14636.239478196949,2797.37388688682,1370.3853592563305,33.72050018602899,25.740308889451796,20.358217102362133,12.208803017507913,2
DOM,Dominican Republic,D1,Low-SDI household-energy domain,0.4172353566269715,0.2045712076211274,0.0,0.0,0.23113283908990867,0.14706059666199242,D5,Warm-humid climate domain,0.23488070252420465,0.28044976950506595,0.0,0.004720926094425698,0.31255393843165113,0.16739466344465254,D5,Warm-humid climate domain,0.18783474767730374,0.19171227839731325,0.0,0.0,0.47981322917836483,0.14063974474701807,D5,Warm-humid climate domain,0.0,0.19847022169506637,0.0,0.01544200717967981,0.6457654966131376,0.14032227451211612,-0.4172353566269715,-0.006100985926061037,0.0,0.01544200717967981,0.414632657523229,-0.006738322149876297,3,12459.6760776179,19915.967380862683,3792.60965176696,1207.410251953199,3657.28131256664,14733.157138838198,2313.6028461315,1050.5383832522723,70.6470594437327,26.023391899128455,38.99707434817072,12.992424774194081,2
GRD,Grenada,D1,Low-SDI household-energy domain,0.516455095155561,0.09057157704320681,0.0,0.0,0.25260134232687953,0.14037198547435265,D1,Low-SDI household-energy domain,0.4320949570790597,0.024850098653477776,0.0,0.07282296288377163,0.3245661343289705,0.14566584705472035,D5,Warm-humid climate domain,0.31107206198247667,0.026060674260044776,0.0,0.07862989156635318,0.45179551909507226,0.13244185309605308,D5,Warm-humid climate domain,0.07946403664018493,0.13464235963733984,0.0,0.0,0.602221038927989,0.18367256479448624,-0.43699105851537606,0.04407078259413302,0.0,0.0,0.3496196966011094,0.04330057932013359,3,8484.97173277989,27261.08481548862,4350.71352744867,2340.386385580642,4080.3739996452896,17066.99136024635,3076.69110603044,1570.9958532818216,51.91057639141413,37.394305928172045,29.28306847555963,32.87450897164304,2
GUY,Guyana,D1,Low-SDI household-energy domain,0.6840245748701312,0.0,0.008433782785773506,0.0928342222711412,0.21470742007295404,0.0,D1,Low-SDI household-energy domain,0.565752350192874,0.0,0.02771665548709291,0.10429405419253145,0.30223694012750163,0.0,D1,Low-SDI household-energy domain,0.4643189637378818,0.0,0.0031231493697257435,0.06094457644836964,0.4513484761003101,0.020264834343712887,D5,Warm-humid climate domain,0.0,0.08917990171929634,0.0,0.0,0.8666909931293711,0.044129105151332504,-0.6840245748701312,0.08917990171929634,-0.008433782785773506,-0.0928342222711412,0.6519835730564171,0.044129105151332504,3,7570.59174213553,22583.94111254143,3120.54495320788,1963.003856957431,3417.2319928416696,11249.799047146971,1868.80450466354,1278.2898957492407,54.861758377189574,50.18673228429703,40.11287987559888,34.88092796055259,2
HTI,Haiti,D1,Low-SDI household-energy domain,0.5576295421175921,0.24784422169920534,0.0,0.0,0.057150660415891355,0.13737557576731124,D1,Low-SDI household-energy domain,0.4695802009129992,0.2974040324091265,0.0,0.013127670307295362,0.062300978010557534,0.15758711836002143,D1,Low-SDI household-energy domain,0.6419660693017807,0.0919785162548622,0.0,0.13548672341506193,0.021148936844088563,0.10941975418420664,D1,Low-SDI household-energy domain,0.5367614069727261,0.15230821383293056,0.0,0.1393312410268165,0.052124297441285224,0.11947484072624154,-0.020868135144865962,-0.09553600786627478,0.0,0.1393312410268165,-0.005026362974606131,-0.017900735041069704,0,22067.90805869428,26781.22898550701,6291.6666389416605,3270.1750475937533,8949.67630920838,16248.255659449733,2659.40624074666,2611.114591067613,59.44483597899348,39.32968622073813,57.73129135153915,20.153675168278447,1
JAM,Jamaica,D1,Low-SDI household-energy domain,0.5001938482691121,0.010338284274314411,0.0,0.23562214084992522,0.15083858056175942,0.10300714604488889,D1,Low-SDI household-energy domain,0.40352508494611955,0.012962536268852982,0.0,0.293243498228313,0.1570505770592576,0.1332183034974567,D1,Low-SDI household-energy domain,0.3734786137236186,0.0,0.0,0.2708557036629384,0.2613287212324593,0.09433696138098371,D4,Hot-dry PM2.5 domain,0.31582513318551825,0.0,0.0,0.34447396094393223,0.2489959300515558,0.09070497581899374,-0.18436871508359381,-0.010338284274314411,0.0,0.10885182009400701,0.09815734948979637,-0.012302170225895151,0,7377.63090330325,17592.90634436131,3109.1567566187,1520.8578144885098,3366.7726204638,11406.94607400419,2007.4664688814096,1141.4413127303417,54.36512527407184,35.16167339991426,35.43373248685638,24.94753277680809,1
LCA,Saint Lucia,D1,Low-SDI household-energy domain,0.3740575653602882,0.13510942367932843,0.0,0.0,0.32863655785942636,0.16219645310095707,D5,Warm-humid climate domain,0.2519706710371146,0.12064265565383753,0.0,0.01672600224987623,0.43940253061379286,0.17125814044537865,D5,Warm-humid climate domain,0.25362855836953024,0.028428549107753893,0.0,0.0870455818232315,0.4884307975257912,0.14246651317369308,D5,Warm-humid climate domain,0.08550179266868546,0.1203939893489598,0.0,0.01725275468968152,0.5848389904470978,0.19201247284557557,-0.28855577269160276,-0.014715434330368635,0.0,0.01725275468968152,0.2562024325876714,0.029816019744618505,3,6582.82557262897,21598.67091995986,3209.31110999145,1302.2693884764174,3839.26014954546,14556.9528959543,2752.66716721191,1347.51337611723,41.67762601049472,32.602552490848566,14.22872158943657,-3.4742418151858496,2
VCT,Saint Vincent and the Grenadines,D1,Low-SDI household-energy domain,0.4499207412889405,0.13316604493970666,0.0,0.0,0.2610902460169748,0.15582296775437812,D1,Low-SDI household-energy domain,0.3526451787999239,0.124032430955108,0.0,0.012931009122557255,0.3510994679316086,0.15929191319080224,D5,Warm-humid climate domain,0.28215050769622047,0.08922685116842168,0.0,0.015797103327512513,0.47632209828604305,0.13650343952180227,D5,Warm-humid climate domain,0.11548000335480249,0.13198891974116506,0.0,0.0,0.5646860826101411,0.18784499429389134,-0.334440737934138,-0.001177125198541601,0.0,0.0,0.3035958365931663,0.03202202653951322,3,6513.30839410201,20445.58586246651,3053.96701157607,1713.3984556030532,3375.1845580933,13542.34028686648,2520.6257955215,1569.041925668064,48.180181961756524,33.76399004673588,17.463882682194622,8.42515816813789,2
SUR,Suriname,D1,Low-SDI household-energy domain,0.483830862382115,0.0,0.0,0.17435685245770297,0.3418122851601821,0.0,D1,Low-SDI household-energy domain,0.4589994933282111,0.0,0.0,0.18557597831600783,0.35542452835578114,0.0,D5,Warm-humid climate domain,0.2797757454158209,0.05226138766264056,0.0,0.03742843946366978,0.6233226775091476,0.0072117499487211285,D5,Warm-humid climate domain,0.2748845415687144,0.010247691464354801,0.0,0.06970263541169318,0.6306408876800743,0.014524243875163297,-0.2089463208134006,0.010247691464354801,0.0,-0.10465421704600979,0.28882860251989223,0.014524243875163297,3,7159.77595025431,18610.60513046601,2810.5570526450097,1329.9453940878825,3752.37003932975,13388.489782624927,2235.56363527292,1128.2933748861872,47.59095723943054,28.05989010691734,20.45834354548913,15.162428480004964,2
TTO,Trinidad and Tobago,D5,Warm-humid climate domain,0.16167770171286333,0.12486790871333071,0.0,0.0,0.5798588901763791,0.1335954993974268,D5,Warm-humid climate domain,0.2045421739395434,0.01645938374334215,0.0,0.07990226086590232,0.5770838359398526,0.12201234551135955,D5,Warm-humid climate domain,0.0,0.03384691882023623,0.0,0.09407032935152468,0.7849630918269105,0.08711966000132874,D5,Warm-humid climate domain,0.0,0.00021229228625903904,0.0,0.12687276768266492,0.7444727201741506,0.1284422198569254,-0.16167770171286333,-0.12465561642707168,0.0,0.12687276768266492,0.1646138299977714,-0.005153279540501404,3,6336.76169090487,16103.77158855324,2735.2417964933097,1587.710387859129,2710.74307016567,8353.169078835079,1792.91907698663,1027.2732307137,57.22195022646363,48.12911352535195,34.45116701253891,35.29844998376078,2
BOL,Bolivia (Plurinational State of),D3,Cold-dry PM2.5 domain,0.30854029390076987,0.16306223501582928,0.3235328825235242,0.20486458855987671,0.0,0.0,D3,Cold-dry PM2.5 domain,0.32540694227328465,0.0833361511268036,0.3311745405021379,0.260082366097774,0.0,0.0,D1,Low-SDI household-energy domain,0.3820625689387121,0.0027916175239760194,0.2925489688888454,0.29939877486022626,0.0,0.023198069788240294,D4,Hot-dry PM2.5 domain,0.31187613834398736,0.017254945805775062,0.07920942638417285,0.41105988792810516,0.0,0.18059960153795956,0.003335844443217495,-0.14580728921005423,-0.24432345613935136,0.20619529936822845,0.0,0.18059960153795956,5,25923.39735844196,30665.557241700742,7293.862810981799,2516.8441109094374,7440.207928602401,18251.79460117057,3002.0102546437,1881.2303648484376,71.2992559357599,40.48112526600117,58.84196985273965,25.254394712246476,4
ECU,Ecuador,D1,Low-SDI household-energy domain,0.4520583580798437,0.0,0.1561076470987558,0.20680029195942323,0.18503370286197715,0.0,D1,Low-SDI household-energy domain,0.4273628765471299,0.0,0.17556792622508863,0.09927392324252098,0.2977952739852606,0.0,D5,Warm-humid climate domain,0.3458701360542309,0.0,0.1792923850482031,0.0,0.474837478897566,0.0,D5,Warm-humid climate domain,0.25527430147496566,0.0,0.12220898521063396,0.0,0.602449146614109,0.02006756670029154,-0.19678405660487802,0.0,-0.03389866188812184,-0.20680029195942323,0.4174154437521318,0.02006756670029154,3,15663.739915961967,28102.277835181176,4788.0117326453,1903.0884990428835,5266.9638147982,16674.96109342802,2774.49398458685,1534.4379140251065,66.374800379372,40.66331138270694,42.05331691921344,19.371174025967882,2
PER,Peru,D1,Low-SDI household-energy domain,0.33717480330042493,0.03718671823036106,0.2911253433911659,0.33451313507804825,0.0,0.0,D4,Hot-dry PM2.5 domain,0.35169490617973365,0.0,0.29555124627167867,0.3527538475485877,0.0,0.0,D4,Hot-dry PM2.5 domain,0.29326033298254,0.0,0.15675694325901546,0.36790992980432075,0.056899132706770016,0.12517366124735377,D4,Hot-dry PM2.5 domain,0.08581381641339404,0.0432808557730007,0.19114293180119066,0.29315638301537184,0.2891262510579886,0.097479761939054,-0.2513609868870309,0.006094137542639641,-0.09998241158997526,-0.041356752062676416,0.2891262510579886,0.097479761939054,5,23809.31817316058,38388.87483236968,7075.16772781302,2912.961446021178,5509.25704553358,24281.07406898178,3861.83921536341,2494.061931628051,76.86092056284092,36.749711537500275,45.41699414160561,14.380537544199324,4
COL,Colombia,D1,Low-SDI household-energy domain,0.5137106375638856,0.0,0.10928940652234019,0.05017107318309685,0.32682888273067734,0.0,D1,Low-SDI household-energy domain,0.43661322923647927,0.0,0.1161793820134948,0.014110693104924972,0.4330966956451011,0.0,D5,Warm-humid climate domain,0.3712561429209193,0.0,0.07137879287362442,0.0,0.5573650642054562,0.0,D5,Warm-humid climate domain,0.17846080938179562,0.0,0.1301022997782639,0.0,0.67329508727144,0.018141803568500477,-0.3352498281820899,0.0,0.020812893255923712,-0.05017107318309685,0.3464662045407627,0.018141803568500477,3,10573.75111749256,15747.93302008048,2830.15299775636,1087.3236063962454,3153.35319463688,9388.65335545465,1694.87995623924,1000.2241603897766,70.17753529851703,40.381678386090385,40.11348652942516,8.010443762473397,2
CRI,Costa Rica,D1,Low-SDI household-energy domain,0.5012784635367561,0.0,0.07649589059327143,0.0,0.41766848991302835,0.004557155956944134,D5,Warm-humid climate domain,0.40009088291689726,0.0,0.09333899015374497,0.0,0.5043074586880152,0.0022626682413425503,D5,Warm-humid climate domain,0.3465912579278512,0.0,0.0,0.0,0.6454866002363641,0.007922141835784704,D5,Warm-humid climate domain,0.11201757903353474,0.0,0.0971091883305066,0.0,0.7513314456586702,0.03954178697728854,-0.3892608845032214,0.0,0.020613297737235164,0.0,0.3336629557456418,0.0349846310203444,3,4430.89260786849,11806.07905808001,1684.5818439521,736.2475077056612,2454.02282393754,6810.809363138929,1226.51940402154,831.1362354488471,44.61561041719619,42.31099648212459,27.191462473317785,-12.888156054868539,2
SLV,El Salvador,D1,Low-SDI household-energy domain,0.5350842370551588,0.18757544440024035,0.0,0.27734031854460095,0.0,0.0,D1,Low-SDI household-energy domain,0.49894160565504103,0.13338251923790773,0.0,0.3571618101164596,0.0,0.010514064990591605,D1,Low-SDI household-energy domain,0.5452514036496507,0.0,0.0,0.357799151771192,0.0969494445791572,0.0,D4,Hot-dry PM2.5 domain,0.26215609550643865,0.14138373790907957,0.0,0.29953140212440515,0.29532799368677054,0.0016007707733059736,-0.2729281415487202,-0.04619170649116078,0.0,0.022191083579804205,0.29532799368677054,0.0016007707733059736,0,9343.82462503702,20132.02653748187,3045.84047504373,2513.0801271714586,3146.32744162048,15619.58807909998,2224.47789549571,2213.506794294848,66.3271993227504,22.414228642012855,26.96669724753813,11.920564316179947,1
GTM,Guatemala,D1,Low-SDI household-energy domain,0.5506865941059008,0.13722760491870437,0.1591002077432775,0.10176440366029361,0.05122118957182377,0.0,D1,Low-SDI household-energy domain,0.4586978292557594,0.13404242706090347,0.18765362853425527,0.1153429197710773,0.1042631953780045,0.0,D1,Low-SDI household-energy domain,0.5204386352574119,0.0,0.14556281566136892,0.17713363866909781,0.15686491041212142,0.0,D1,Low-SDI household-energy domain,0.43239912849209344,0.0,0.06387790741872097,0.3100158782678002,0.1426546697008984,0.05105241612048698,-0.11828746561380737,-0.13722760491870437,-0.09522230032455652,0.2082514746075066,0.09143348012907464,0.05105241612048698,0,12848.25977311654,31168.75031843322,4920.50591479033,1917.2146003682783,4471.20898496616,14663.419061365148,2013.50248139494,1118.7170741052616,65.19988649107458,52.954741811726755,59.07936061325234,41.648833996446356,1
HND,Honduras,D1,Low-SDI household-energy domain,0.6444792591470359,0.12714360706327352,0.03591943209101816,0.19245770169867257,0.0,0.0,D1,Low-SDI household-energy domain,0.5909453696980688,0.1054530699799606,0.07704771965990877,0.22655384066206175,0.0,0.0,D1,Low-SDI household-energy domain,0.6740209170618888,0.0,0.0,0.2808444940607655,0.022535601979250874,0.022598986898094735,D1,Low-SDI household-energy domain,0.5797608236084357,0.0,0.0,0.3639148593712356,0.0402030869416512,0.01612123007867754,-0.06471843553860013,-0.12714360706327352,-0.03591943209101816,0.171457157672563,0.0402030869416512,0.01612123007867754,0,10061.748091959473,14203.42448805224,3130.0627737554896,707.0690302330332,2888.62258023463,9118.85604890828,1321.25413627488,614.5962419553381,71.29104650768407,35.79818686276005,57.788254364955684,13.078325357740288,1
MEX,Mexico,D5,Warm-humid climate domain,0.0,0.3615884790327365,0.023481068477642385,0.04360429533713401,0.3673162959066901,0.20400986124579695,D5,Warm-humid climate domain,0.0,0.2962860071709066,0.0,0.16730370594338123,0.2986496951967165,0.23776059168899558,D5,Warm-humid climate domain,0.0,0.23362766619907277,0.0,0.14922216844635044,0.35299689242126,0.2641532729333168,D5,Warm-humid climate domain,0.0,0.1391546909213374,0.0,0.288683245042877,0.3180667709054562,0.25409529313032947,0.0,-0.2224337881113991,-0.023481068477642385,0.245078949705743,-0.04924952500123392,0.050085431884532516,2,5903.02279874413,14012.93012131107,1953.45602273915,798.9444002872095,1513.33403445923,5527.48338157524,927.60366469726,567.7766623895293,74.36340522382547,60.554407010358524,52.51474034226952,28.934145832247975,3
NIC,Nicaragua,D1,Low-SDI household-energy domain,0.4847912510958646,0.2795843713910042,0.0,0.06773201347132024,0.14738989757767298,0.020502466464137854,D1,Low-SDI household-energy domain,0.510535926004933,0.1923990687475307,0.0,0.20854272262349532,0.04037527987707945,0.048147002746961445,D1,Low-SDI household-energy domain,0.656467822676733,0.0,0.0,0.22098236270281557,0.11063682453793096,0.011912990082520466,D1,Low-SDI household-energy domain,0.4820013716968021,0.07421150546127724,0.0,0.20904475667208874,0.20607933813785256,0.028663028031979364,-0.0027898793990625004,-0.20537286592972698,0.0,0.1413127432007685,0.05868944056017958,0.00816056156784151,0,10511.66363764319,15064.357817098258,3072.3666146424403,1101.2143484799187,3139.91097077426,9901.49816853137,1392.78376781548,939.47446196502,70.12926707880983,34.27201949960966,54.66739674953892,14.68741183205243,1
PAN,Panama,D1,Low-SDI household-energy domain,0.4816755651773868,0.0,0.07191980575472678,0.0,0.44450370252201804,0.001900926545868489,D5,Warm-humid climate domain,0.3897405375807605,0.0,0.08609089767853097,0.0,0.5241685647407084,0.0,D5,Warm-humid climate domain,0.3046998926163925,0.0,0.0,0.0,0.6719243553253176,0.02337575205828981,D5,Warm-humid climate domain,0.0,0.051074021607340994,0.0,0.0,0.8891395884414489,0.05978638995121003,-0.4816755651773868,0.051074021607340994,-0.07191980575472678,0.0,0.4446358859194309,0.05788546340534154,3,4688.51452044138,11308.80573001487,1722.4004670447102,750.9488264001752,3042.82832068322,8230.78232978621,1422.87907075984,677.0620636434929,35.100375451183076,27.217935065054945,17.389765157158145,9.839120877367023,2
VEN,Venezuela (Bolivarian Republic of),D5,Warm-humid climate domain,0.22405158788167917,0.16141368235799014,0.089755769659765,0.001625733928766915,0.5231532261717986,0.0,D5,Warm-humid climate domain,0.273813311603633,0.09575161073873875,0.0162934353801368,0.175813302920098,0.37941412458186075,0.05891421477553262,D5,Warm-humid climate domain,0.13558219851761286,0.12586009043544363,0.033947078017652954,0.07443549466174519,0.6301751383675454,0.0,D1,Low-SDI household-energy domain,0.5374353322327162,0.0,0.0,0.29989468900908034,0.10974657216693641,0.05292340659126707,0.31338374435103705,-0.16141368235799014,-0.089755769659765,0.2982689550803134,-0.4134066540048622,0.05292340659126707,0,5699.36005426626,12634.42297100403,1921.09437528908,803.9749585747654,3163.99782903712,8339.684487681221,1552.70436978046,808.8461931842104,44.48503342636324,33.99235954961476,19.17604935224413,-0.6058938226235773,1
BRA,Brazil,D1,Low-SDI household-energy domain,0.30124124880350767,0.1616866723446351,0.026971909342465607,0.18482744245291705,0.24802702002295676,0.07724570703351785,D5,Warm-humid climate domain,0.2650285446021997,0.10203582983073722,0.05279561219361554,0.19795453136312358,0.3124531322655324,0.06973234974479156,D5,Warm-humid climate domain,0.0,0.2693283603613398,0.0,0.01108428599899737,0.5515843935159178,0.16800296012374505,D5,Warm-humid climate domain,0.0,0.19156895249183545,0.0,0.07320220399763055,0.5501384616151198,0.18509038189541416,-0.30124124880350767,0.029882280147200346,-0.026971909342465607,-0.11162523845528649,0.3021114415921631,0.1078446748618963,3,43407.00265251697,99005.36791831984,18617.93667263912,11259.835202419505,6194.3408642165405,27844.8181522314,5065.76659108499,3067.58218327804,85.72962774277768,71.8754460109642,72.7909344619824,72.75642024832761,2
PRY,Paraguay,D1,Low-SDI household-energy domain,0.4975671879151384,0.06909821994593604,0.009857589933939606,0.24540059000658804,0.10996658856080799,0.0681098236375899,D1,Low-SDI household-energy domain,0.365000821600663,0.12042309223593296,0.0,0.26212346212989895,0.14432087840283875,0.10813174563066644,D5,Warm-humid climate domain,0.2082644031197102,0.1819586790934341,0.0,0.14400503256417674,0.2937828358247401,0.17198904939793888,D5,Warm-humid climate domain,0.005109408162514962,0.23711423430333364,0.0,0.08795680924639747,0.4969716483226981,0.17284789996505587,-0.4924577797526234,0.1680160143573976,-0.009857589933939606,-0.15744378076019055,0.3870050597618901,0.10473807632746597,3,12587.98069415262,20111.80437279717,4438.95072483017,1262.264154866695,4266.81004567222,16695.09528388382,2931.68230239861,1368.0659259165525,66.10409445850006,16.98857559262422,33.955511468067186,-8.381904107942525,2
DZA,Algeria,D2,Low-SDI high-PM dry domain,0.0,0.45498223546227684,0.0,0.0,0.2222088685950357,0.32280889594268736,D2,Low-SDI high-PM dry domain,0.0,0.4291939680947614,0.0,0.10411676856652456,0.13530308273982983,0.3313861805988841,D2,Low-SDI high-PM dry domain,0.0,0.29560723956639595,0.0,0.19539497430998495,0.21473476539962738,0.2942630207239917,D4,Hot-dry PM2.5 domain,0.0,0.2297502882539051,0.0,0.3156318072592037,0.1429287125090094,0.3116891919778819,0.0,-0.22523194720837175,0.0,0.3156318072592037,-0.07928015608602629,-0.011119703964805439,2,18472.00799056916,16348.26445165119,4808.79002243761,1561.3793273528229,5984.66604270513,16191.170279441189,2771.11456977638,1598.3286409663126,67.60143214662648,0.960922626830488,42.37397439176015,-2.366453363778931,3
BHR,Bahrain,D4,Hot-dry PM2.5 domain,0.0,0.19368916200979763,0.0,0.5775929721521437,0.18897499158674366,0.039742874251314994,D4,Hot-dry PM2.5 domain,0.0,0.13864521749450728,0.0,0.6167444897098655,0.20393362942251675,0.04067666337311057,D4,Hot-dry PM2.5 domain,0.0,0.16948413109507027,0.0,0.626248496989452,0.14606328214132133,0.05820408977415649,D4,Hot-dry PM2.5 domain,0.0,0.08896066118723699,0.0,0.706077497642706,0.1427694246576197,0.06219241651243739,0.0,-0.10472850082256065,0.0,0.12848452549056233,-0.046205566929123976,0.022449542261122397,1,13640.71998040571,18782.651799237097,3311.95677150867,696.0480858655707,5578.38369139448,12957.94336266884,1960.23924888838,647.8136390064574,59.10491748670466,31.0111080098117,40.8132598302167,6.9297578484295865,5
EGY,Egypt,D2,Low-SDI high-PM dry domain,0.0,0.5858014307632682,0.014577283708328573,0.24210190242918625,0.0,0.15751938309921681,D2,Low-SDI high-PM dry domain,0.0,0.47197850532400937,0.004544356208752247,0.36713941423793395,0.0,0.1563377242293046,D4,Hot-dry PM2.5 domain,0.0,0.3854723704278911,0.0,0.4638299055482076,0.0,0.15069772402390139,D4,Hot-dry PM2.5 domain,0.0,0.23240433905212166,0.0,0.598622776211902,0.005188283344443183,0.16378460139153334,0.0,-0.3533970917111465,-0.014577283708328573,0.3565208737827157,0.005188283344443183,0.006265218292316521,1,31725.60914369252,21022.77035943167,7822.50696784761,2549.9465598020506,8248.988093949421,19069.35822417232,3091.47169645229,1846.1387431212231,73.9989607241649,9.291887329126297,60.479783410114116,27.600884966603505,5
IRN,Iran (Islamic Republic of),D2,Low-SDI high-PM dry domain,0.0,0.4084076615775424,0.21650331598412112,0.147780376168388,0.0,0.22730864626994848,D4,Hot-dry PM2.5 domain,0.0,0.26972756279125476,0.1866663026607393,0.3225861425079,0.0,0.221019992040106,D4,Hot-dry PM2.5 domain,0.0,0.14406473659295851,0.08401280463279819,0.5510717057635294,0.0,0.22085075301071388,D4,Hot-dry PM2.5 domain,0.0,0.07400376564586364,0.05040566154291456,0.6251854026977033,0.0,0.2504051701135186,0.0,-0.33440389593167874,-0.16609765444120655,0.47740502652931527,0.0,0.02309652384357011,1,14534.5751909619,15156.64458372345,4106.58325937289,1335.043002807816,2776.05004523411,13967.51461377377,2202.74230404947,1503.1902910462784,80.90037026358807,7.845601731841577,46.360705118496796,-12.594896784959047,5
IRQ,Iraq,D2,Low-SDI high-PM dry domain,0.0,0.5540803717920743,0.0,0.3028695257791511,0.0,0.1430501024287745,D2,Low-SDI high-PM dry domain,0.0,0.5352891169657489,0.0,0.3251675136363713,0.0,0.1395433693978799,D4,Hot-dry PM2.5 domain,0.0,0.420980709849333,0.0,0.47164046346848104,0.0,0.10737882668218592,D4,Hot-dry PM2.5 domain,0.0,0.24587311898212438,0.0,0.6178413801854156,0.0,0.1362855008324599,0.0,-0.30820725280994987,0.0,0.31497185440626446,0.0,-0.00676460159631459,1,22550.61150328479,18215.31416349194,5993.754406605071,1827.9662242789543,6854.63682933101,13507.675273146242,2417.69619692894,1764.3950467495797,69.60332171776122,25.844401299325316,59.66307537952077,3.477699789253514,5
JOR,Jordan,D2,Low-SDI high-PM dry domain,0.0,0.42900126463978266,0.0,0.2090543842289706,0.06112480953628991,0.3008195415949568,D2,Low-SDI high-PM dry domain,0.0,0.39769738845629227,0.0,0.24174929302855844,0.07466604688075411,0.28588727163439515,D4,Hot-dry PM2.5 domain,0.0,0.28938205106314624,0.0,0.4969974737440869,0.0,0.21362047519276675,D4,Hot-dry PM2.5 domain,0.0,0.22049960341620684,0.0,0.5489198872985571,0.0,0.23058050928523613,0.0,-0.20850166122357583,0.0,0.3398655030695865,-0.06112480953628991,-0.07023903230972064,1,19713.41101302844,20447.79811375905,5046.401900949811,948.2723413834738,7165.26809211332,16274.805555652089,2440.82963788241,1408.9102559881994,63.65282452956594,20.40802894713153,51.63227809059345,-48.57654225501104,5
KWT,Kuwait,D4,Hot-dry PM2.5 domain,0.0,0.15788345854933522,0.0,0.7377062546628002,0.0,0.10441028678786475,D4,Hot-dry PM2.5 domain,0.0,0.15416323668336465,0.0,0.7571644531047281,0.0,0.08867231021190719,D4,Hot-dry PM2.5 domain,0.0,0.08835685921554706,0.0,0.8376869500680104,0.0,0.07395619071644255,D4,Hot-dry PM2.5 domain,0.0,0.004182854400132296,0.0,0.910042872447502,0.0,0.08577427315236569,0.0,-0.15370060414920292,0.0,0.17233661778470188,0.0,-0.018636013635499063,1,13374.24572620716,21722.42924383418,3294.66831935902,1101.8974374901493,10401.755995638789,18840.85662273367,2660.77423150289,1360.8165963487886,22.225475674816604,13.265425283493244,19.2399970622674,-23.497573372018483,5
LBN,Lebanon,D6,High-SDI low-exposure domain,0.13505715263510992,0.2708014113809377,0.0,0.26742981039665975,0.04902437617603186,0.2776872494112608,D4,Hot-dry PM2.5 domain,0.19402805362879705,0.16356305808056573,0.0,0.355135580850503,0.04224240946127841,0.24503089797885574,D4,Hot-dry PM2.5 domain,0.0,0.21179542619851457,0.0,0.37239162018985866,0.1882042192052491,0.22760873440637777,D4,Hot-dry PM2.5 domain,0.0977541457145801,0.07632437848693406,0.0,0.466829469600304,0.12838076198229562,0.2307112442158862,-0.03730300692052982,-0.19447703289400364,0.0,0.19939965920364427,0.07935638580626375,-0.046976005195374565,1,16999.57637700368,23304.13007668058,4581.02558172481,3938.622272682832,7005.694524592281,20999.79943979791,3556.91747802204,4301.851712862003,58.78900527151198,9.888078333327332,22.355432979642544,-9.22224613155793,5
LBY,Libya,D4,Hot-dry PM2.5 domain,0.0,0.21750875144201914,0.0,0.31965465567091467,0.22014830565200055,0.24268828723506566,D4,Hot-dry PM2.5 domain,0.0,0.12615000303490925,0.0,0.4672017256484871,0.1519640912074345,0.254684180109169,D4,Hot-dry PM2.5 domain,0.0,0.02543698911056859,0.0,0.637850660224544,0.11071466184202389,0.22599768882286345,D4,Hot-dry PM2.5 domain,0.0,0.058964688111521904,0.0,0.5188976806581926,0.15476867277035006,0.2673689584599354,0.0,-0.15854406333049725,0.0,0.19924302498727797,-0.0653796328816505,0.02468067122486975,1,15952.40571305284,19917.95708077796,4238.4292724684,1472.786999616319,7505.98166476235,15492.80144998299,2511.19844297944,1686.9302657861008,52.947650656723944,22.21691518286037,40.75167281210866,-14.5400024732408,5
MAR,Morocco,D2,Low-SDI high-PM dry domain,0.1966004045004488,0.4758636580019523,0.0,0.0,0.024924678326550254,0.3026112591710487,D2,Low-SDI high-PM dry domain,0.07416729642251976,0.5187732841748617,0.0,0.03133254952057393,0.08068792024266812,0.29503894963937644,D2,Low-SDI high-PM dry domain,0.15344717580481754,0.3443859877956976,0.0,0.1700221203319049,0.08081133360406009,0.2513333824635199,D2,Low-SDI high-PM dry domain,0.0,0.34555830777000807,0.0,0.2539113351027438,0.09564880315856825,0.30488155396867983,-0.1966004045004488,-0.13030535023194423,0.0,0.2539113351027438,0.070724124832018,0.002270294797631134,2,26002.70747957384,19020.28635390918,5978.83055327552,1983.026608151641,6339.835944959089,14833.73987574324,2688.26003516911,1737.0312979012049,75.61855452960319,22.010953990214208,55.03702586626512,12.405043343302687,3
PSE,Palestine,D2,Low-SDI high-PM dry domain,0.19550328901965103,0.462479615034165,0.0,0.09451763887609156,0.0,0.24749945707009244,D2,Low-SDI high-PM dry domain,0.23156748624273257,0.35468960424300344,0.0,0.1920897765744908,0.0,0.2216531329397733,D2,Low-SDI high-PM dry domain,0.16783192679345074,0.36234920396467274,0.0,0.2592919879558895,0.0,0.21052688128598693,D4,Hot-dry PM2.5 domain,0.20097937384580522,0.20172661982467577,0.0,0.3735280606101845,0.0,0.22376594571933445,0.005476084826154193,-0.26075299520948925,0.0,0.27901042173409296,0.0,-0.02373351135075799,2,21461.82345566013,22782.28943017875,6464.92683973616,795.5319492360424,7398.178954804401,18805.70199048951,2879.6617734842303,1132.641492736151,65.52865617365202,17.454731456539303,55.457163787459784,-42.37536202334028,3
OMN,Oman,D2,Low-SDI high-PM dry domain,0.0,0.3886283924284437,0.0,0.3168337461991238,0.23713183356768425,0.057406027804748176,D4,Hot-dry PM2.5 domain,0.0,0.17916768512477455,0.0,0.5750293024347767,0.1683766221946535,0.07742639024579534,D4,Hot-dry PM2.5 domain,0.0,0.1816003424374056,0.0,0.6256662645862936,0.09991685405825197,0.09281653891804872,D4,Hot-dry PM2.5 domain,0.0,0.10432353733113414,0.0,0.6918112915746617,0.11670940125696287,0.08715576983724142,0.0,-0.2843048550973096,0.0,0.3749775453755379,-0.12042243231072138,0.029749742032493247,1,17532.70107177992,21144.39133242359,4912.97864763297,1912.6729795217373,5930.28981778007,22534.80490797105,2299.8353739910203,1793.7413538073145,66.1758345533805,-6.575803264742591,53.188573797301956,6.218084690262189,5
QAT,Qatar,D4,Hot-dry PM2.5 domain,0.0,0.23299446552746098,0.021819352107425787,0.7347948740546734,0.010391308310439842,0.0,D4,Hot-dry PM2.5 domain,0.0,0.13401048097891452,0.013133551192761285,0.8524376163816264,0.0004183514466977833,0.0,D4,Hot-dry PM2.5 domain,0.0,0.07269143243342412,0.0,0.9089283677001325,0.010516744850431865,0.007863455016011552,D4,Hot-dry PM2.5 domain,0.0,2.8187939571354874e-15,0.0,0.9999999999999967,4.741788365678091e-16,0.0,0.0,-0.23299446552745814,-0.021819352107425787,0.2652051259453233,-0.010391308310439369,0.0,1,12781.68966682532,15732.76120038414,2890.16456243654,1545.133861403727,5990.892539220679,14952.24990037214,1571.3358893172,1335.3116516970397,53.12910346454468,4.961057312640978,45.63161178640664,13.57954899234863,5
SAU,Saudi Arabia,D4,Hot-dry PM2.5 domain,0.0,0.3945101970620851,0.0,0.4717477204657178,0.032126162619300305,0.1016159198528968,D4,Hot-dry PM2.5 domain,0.0,0.20096823041095327,0.0,0.713842556527672,0.0,0.08518921306137478,D4,Hot-dry PM2.5 domain,0.0,0.14930915821268534,0.0,0.7993338121939478,0.0,0.05135702959336692,D4,Hot-dry PM2.5 domain,0.0,0.059398063900479324,0.0,0.8878919656430374,0.0,0.05270997045648327,0.0,-0.3351121331616058,0.0,0.4161442451773196,-0.032126162619300305,-0.048905949396413524,1,17652.97187633158,20291.32014415559,4843.84305041801,1610.9844022253037,5652.44470174113,25645.066637337,2698.79055602685,2372.747641901941,67.98020899064758,-26.384416859754804,44.284104007169425,-47.285575119435634,5
SYR,Syrian Arab Republic,D2,Low-SDI high-PM dry domain,0.0,0.5584453404114235,0.04552760162237108,0.1323887506015184,0.0,0.263638307364687,D2,Low-SDI high-PM dry domain,0.04648379452588985,0.5012424089802782,0.0,0.17697462196019395,0.0,0.27529917453363795,D2,Low-SDI high-PM dry domain,0.0,0.4600330289751844,0.0,0.310142291732,0.0,0.2298246792928157,D2,Low-SDI high-PM dry domain,0.036122296212919,0.40170660876221476,0.0,0.3206723230248272,0.0,0.2414987720000391,0.036122296212919,-0.1567387316492087,-0.04552760162237108,0.1882835724233088,0.0,-0.02213953536464791,2,18210.84116700799,16459.422338707867,5095.36387532988,1791.9681201115152,7702.664296598299,15419.04826289044,2938.8860256282,1671.530845217284,57.7028637724161,6.320841973723251,42.3223522885707,6.720949638698725,3
TUN,Tunisia,D2,Low-SDI high-PM dry domain,0.08151176721753163,0.46823085801722186,0.0,0.03024314936637606,0.14874855342310944,0.271265671975761,D2,Low-SDI high-PM dry domain,0.0,0.4154171025993078,0.0,0.1794728354351952,0.12687947292508794,0.278230589040409,D2,Low-SDI high-PM dry domain,0.0,0.3063867732270021,0.0,0.25318639363163226,0.16243215518290904,0.27799467795845667,D4,Hot-dry PM2.5 domain,0.0,0.2367505146270748,0.0,0.33436415769568434,0.15148717463487094,0.27739815304237,-0.08151176721753163,-0.23148034339014706,0.0,0.3041210083293083,0.002738621211761494,0.0061324810666089635,2,21575.491050604127,19073.68775942492,5208.073812869629,2038.4434019729124,6353.425097380031,15082.20656149957,3060.28206751088,2030.73529559308,70.55258171191366,20.92663594093403,41.23965639756023,0.37813688485890784,3
TUR,Türkiye,D2,Low-SDI high-PM dry domain,0.0,0.3502659805926512,0.23477848321875958,0.019339093783591173,0.1767311609293462,0.21888528147565178,D2,Low-SDI high-PM dry domain,0.0,0.23602107442589804,0.21991501221821372,0.13187458550014824,0.19317540389914742,0.21901392395659264,D4,Hot-dry PM2.5 domain,0.0,0.16651231422399032,0.0849239176103923,0.29872402346899135,0.2190358005674481,0.2308039441291779,D4,Hot-dry PM2.5 domain,0.0,0.0,0.0,0.5127909674121437,0.19452855484757908,0.29268047774027717,0.0,-0.3502659805926512,-0.23477848321875958,0.49345187362855253,0.017797393918232873,0.07379519626462538,1,25091.21184165019,18979.31510234277,5349.74803052762,1719.0607676885904,5079.97192635007,22592.12460002839,3749.09634271183,2198.566605824545,79.75397936771805,-19.035510386987887,29.920132288135555,-27.893478063645606,5
ARE,United Arab Emirates,D4,Hot-dry PM2.5 domain,0.0,0.2418286583124838,0.0,0.576888092641078,0.12142245454298001,0.05986079450345831,D4,Hot-dry PM2.5 domain,0.0,0.11800277009442976,0.0,0.7532181024820601,0.051249383720234264,0.07752974370327585,D4,Hot-dry PM2.5 domain,0.0,0.049954036069556396,0.0,0.8268101015372608,0.052734181793057514,0.07050168060012527,D4,Hot-dry PM2.5 domain,0.0,0.01837650372831211,0.0,0.8511261706574362,0.06549773332999871,0.06499959228425296,0.0,-0.22345215458417167,0.0,0.27423807801635824,-0.055924721212981296,0.005138797780794652,1,14569.42638973366,24674.872983456968,3469.95410589991,979.1170409461809,5506.32909380916,13333.807552068818,1731.07204770842,1400.0074863057948,62.20627397047566,45.96200125930398,50.11253766252687,-42.98673475776519,5
YEM,Yemen,D2,Low-SDI high-PM dry domain,0.17264291930919307,0.6960536169286567,0.04905109509609944,0.0,0.005548249847236038,0.07670411881881474,D2,Low-SDI high-PM dry domain,0.20851440182928827,0.5588490290113372,0.07022980430986261,0.1036366465660257,0.0,0.058770118283486404,D2,Low-SDI high-PM dry domain,0.2020222363597894,0.4628279489255423,0.0,0.22356431647907538,0.0,0.11158549823559298,D2,Low-SDI high-PM dry domain,0.18425751194591886,0.4518066708762398,0.05856540371734205,0.2438231121115417,0.0,0.06154730134895758,0.01161459263672579,-0.24424694605241692,0.009514308621242612,0.2438231121115417,-0.005548249847236038,-0.015156817469857163,2,37867.48229029628,23777.358779379152,10285.65192009457,2044.077463881432,11472.52899260395,19866.9835873786,3546.40189473196,1703.1260469427086,69.7034809321246,16.445792942283457,65.52088363204737,16.67996555723979,3
AFG,Afghanistan,D3,Cold-dry PM2.5 domain,0.10984298162476541,0.4350412727163042,0.45511574565893037,0.0,0.0,0.0,D2,Low-SDI high-PM dry domain,0.012244068886447053,0.5184190216450626,0.44450059222876015,0.0,0.0,0.024836317239730368,D2,Low-SDI high-PM dry domain,0.0635725677902345,0.4941692973071829,0.353052886916102,0.0,0.0,0.08920524798648057,D2,Low-SDI high-PM dry domain,0.03750567385477061,0.5085814685385946,0.3342341276122468,0.0,0.0,0.11967872999438794,-0.07233730776999481,0.07354019582229043,-0.12088161804668357,0.0,0.0,0.11967872999438794,5,29978.99434332439,25072.97013305976,8380.27877203788,1205.8526904877012,11865.47544886917,20475.55188122582,3957.00618998533,1417.69913148986,60.420702199067165,18.33615334535916,52.781926501198214,-17.56818578863713,4
BGD,Bangladesh,D1,Low-SDI household-energy domain,0.6253243555849634,0.25944744650495244,0.0,0.11522819791008429,0.0,0.0,D1,Low-SDI household-energy domain,0.58498840879615,0.22144792801116442,0.0,0.19356366319268548,0.0,0.0,D1,Low-SDI household-energy domain,0.5466697935948682,0.17069671357224223,0.0,0.28263349283288947,0.0,0.0,D1,Low-SDI household-energy domain,0.500298874822586,0.02662259797630026,0.0,0.4730785272011138,0.0,0.0,-0.1250254807623774,-0.23282484852865218,0.0,0.35785032929102956,0.0,0.0,0,31984.926520309386,29598.594193918336,8711.87671440711,2304.023313651519,9008.64499067312,17579.51571484629,3036.02255932362,1592.7833373928015,71.83471725360093,40.60692342456461,65.1507630462349,30.869478275005495,1
BTN,Bhutan,D1,Low-SDI household-energy domain,0.8382324928246013,0.04624859953327198,0.10357504163805888,0.011943866004067964,0.0,0.0,D1,Low-SDI household-energy domain,0.7559278624895317,0.011642202209003631,0.11621974155749681,0.11621019374396795,0.0,0.0,D1,Low-SDI household-energy domain,0.622600965253964,0.0,0.0926833860559507,0.0993729105237771,0.1853427381663082,0.0,D1,Low-SDI household-energy domain,0.40027138691534325,0.0,0.11772091772395049,0.14248945339442165,0.3395182419662847,0.0,-0.4379611059092581,-0.04624859953327198,0.014145876085891615,0.13054558739035368,0.3395182419662847,0.0,0,23243.24058565549,23493.13243726653,5736.54532499366,187.1154068457032,6326.53584007223,21259.73108785135,2859.9041176076203,117.01382835514192,72.78117990149516,9.506613710960039,50.14588126503157,37.46435404347413,1
IND,India,D1,Low-SDI household-energy domain,0.44403712210373236,0.3373039853506757,0.02117223761437995,0.1974866549312121,0.0,0.0,D1,Low-SDI household-energy domain,0.38174085871392544,0.32388942285408606,0.02022818420615123,0.27414153422583715,0.0,0.0,D1,Low-SDI household-energy domain,0.4175495449623345,0.19453135245519027,0.0,0.3879191025824752,0.0,0.0,D4,Hot-dry PM2.5 domain,0.37714517658472235,0.03827503365102876,0.0,0.584579789764249,0.0,0.0,-0.06689194551901001,-0.29902895169964694,-0.02117223761437995,0.38709313483303687,0.0,0.0,1,19271.44660705333,33150.64395965832,5852.78732570731,2813.897286750016,8613.16113084222,31932.86391868834,4473.52121095023,2971.65545618286,55.30609971080318,3.6734732587756724,23.565970160899283,-5.6063940278022955,5
NPL,Nepal,D1,Low-SDI household-energy domain,0.5911441088752745,0.2993320715428361,0.10952381958188942,0.0,0.0,0.0,D1,Low-SDI household-energy domain,0.565793069385246,0.25081039314873305,0.11536845796329832,0.06802807950272242,0.0,0.0,D1,Low-SDI household-energy domain,0.5097620605248057,0.22023626470484187,0.06365051396787656,0.20635116080247612,0.0,0.0,D1,Low-SDI household-energy domain,0.4749446630028229,0.12769200150260665,0.05025631444799058,0.3471070210465798,0.0,0.0,-0.11619944587245157,-0.17164007004022944,-0.05926750513389884,0.3471070210465798,0.0,0.0,0,36814.20789248228,35911.733381323065,9763.07893559447,1382.9549113391115,8423.68553298228,24652.19587010974,3654.51239355868,914.2173068869084,77.11838440858466,31.353366855494574,62.56803394024636,33.8939180597237,1
PAK,Pakistan,D2,Low-SDI high-PM dry domain,0.23657168850578228,0.5019474076522126,0.11166908325173976,0.1498118205902656,0.0,0.0,D2,Low-SDI high-PM dry domain,0.14471665127936983,0.5269243860251623,0.09512866028132262,0.20741489352769846,0.0,0.025815408886446782,D2,Low-SDI high-PM dry domain,0.219689113454953,0.3902764307748946,0.08002750004254602,0.30316022408700954,0.0,0.006846731640596879,D4,Hot-dry PM2.5 domain,0.21966672931988404,0.27735357772307023,0.08595108729067706,0.40822046457488137,0.0,0.008808141091487405,-0.01690495918589824,-0.22459382992914234,-0.025717995961062695,0.25840864398461577,0.0,0.008808141091487405,2,31911.06866403028,34562.22583126122,8878.365693632299,2454.793037949346,15356.059810624509,24837.80691828438,4549.26447762501,2187.155699304255,51.87857864524089,28.13597411362665,48.76011380238806,10.90264370590958,3
AGO,Angola,D1,Low-SDI household-energy domain,0.4441781739935187,0.375744604881783,0.0,0.0,0.048399504750745274,0.13167771637395298,D1,Low-SDI household-energy domain,0.4307119680874663,0.3553378714324984,0.0,0.050287603363048175,0.011050650570548328,0.15261190654643864,D2,Low-SDI high-PM dry domain,0.2645533882631863,0.3809445550273973,0.0,0.058177588506907636,0.15567896009148888,0.14064550811101983,D1,Low-SDI household-energy domain,0.28090413630034394,0.253353231253344,0.0,0.128034577529644,0.18495090530537342,0.15275714961129458,-0.16327403769317478,-0.12239137362843899,0.0,0.128034577529644,0.13655140055462814,0.0210794332373416,2,24815.99133332925,33810.19418211302,7866.493124096701,1520.144418991108,6833.60398246464,25874.6846660367,3213.6209304351,1793.5444262850278,72.46290147882696,23.470759952850333,59.14798526180475,-17.985133772708934,3
CAF,Central African Republic,D1,Low-SDI household-energy domain,0.6567401585316748,0.32079429406563525,0.0,0.007608714041526107,0.014856833361164001,0.0,D1,Low-SDI household-energy domain,0.6203470618488516,0.33866978684967597,0.0,0.0409831513014724,0.0,0.0,D1,Low-SDI household-energy domain,0.6033547703488739,0.3360975360871287,0.0,0.06054769356399748,0.0,0.0,D1,Low-SDI household-energy domain,0.5494410831080602,0.3770911975017722,0.0,0.07257339498747259,0.0008943244026950341,0.0,-0.10729907542361461,0.05629690343613697,0.0,0.06496468094594648,-0.013962508958468968,0.0,0,29125.55445281659,39457.96415105319,9254.22916828238,2626.9288218906613,15119.462837139,33522.29854416872,5742.1772269657,3181.7241440794605,48.088669482215224,15.043010288522543,37.95077771959401,-21.119541479981944,1
COG,Congo,D1,Low-SDI household-energy domain,0.6776951486419863,0.0,0.05384802843154481,0.26136451734147725,0.007092305584991582,0.0,D1,Low-SDI household-energy domain,0.6480457675799995,0.0,0.054534940867279016,0.2895119045821537,0.007907386970567738,0.0,D1,Low-SDI household-energy domain,0.6117988561319081,0.0,0.0,0.3647939340287987,0.023407209839293217,0.0,D1,Low-SDI household-energy domain,0.5502248538430176,0.0,0.007874899271106486,0.35925035598544575,0.08264989090043028,0.0,-0.12747029479896876,0.0,-0.04597312916043833,0.09788583864396849,0.0755575853154387,0.0,0,21130.6837363858,34293.69949594236,6867.38971827089,3343.3685165805528,6931.40390876314,28076.14521328234,3325.55466312094,5249.993645095253,67.19744616295749,18.13031073942805,51.57469141043204,-57.02707072401072,1
COD,Democratic Republic of the Congo,D1,Low-SDI household-energy domain,0.7231785886706416,0.14020727236452282,0.015908620123102478,0.12070551884173313,0.0,0.0,D1,Low-SDI household-energy domain,0.6756302273213218,0.21433918240497707,0.04273526750284944,0.06729532277085175,0.0,0.0,D1,Low-SDI household-energy domain,0.6298337892935467,0.2554887186016537,0.0,0.11467749210479959,0.0,0.0,D1,Low-SDI household-energy domain,0.6321335727345984,0.14307916009765323,0.0,0.22478726716774844,0.0,0.0,-0.0910450159360432,0.002871887733130407,-0.015908620123102478,0.10408174832601531,0.0,0.0,0,27369.94126129052,42965.50952766093,9324.23268596438,4176.37178843407,10276.8403893682,32604.25499368624,4468.99904669084,3139.4024706385726,62.452091908933696,24.11528374242641,52.07113338754454,24.829430192667527,1
GNQ,Equatorial Guinea,D1,Low-SDI household-energy domain,0.8828644341680056,0.0,0.0037073805788342745,0.11342818525316012,0.0,0.0,D1,Low-SDI household-energy domain,0.6709995208377708,0.0,0.013836853093515988,0.14091681424050853,0.17424681182820476,0.0,D5,Warm-humid climate domain,0.05098188589172071,0.10939973140259603,0.06891835158789564,0.0,0.7707000311177876,0.0,D5,Warm-humid climate domain,0.13868752518348493,0.0,0.04572432873794904,0.15575639667070454,0.6598317494078615,0.0,-0.7441769089845207,0.0,0.04201694815911476,0.04232821141754442,0.6598317494078615,0.0,3,28898.63231119063,39196.78907386572,9623.90584396036,1523.9046238423346,5581.58119591103,27329.14608981547,2648.53116297203,1556.7705143534222,80.68565620750975,30.27707948650046,72.47966464017144,-2.1566894671019767,2
GAB,Gabon,D5,Warm-humid climate domain,0.334321331804246,0.11267653265921321,0.061042592908846886,0.0,0.4919595426276938,0.0,D5,Warm-humid climate domain,0.2721828042717378,0.07728996315512891,0.0783375983963665,0.021499895776912893,0.5506897383998539,0.0,D5,Warm-humid climate domain,0.1710407228622238,0.13471078733979994,0.0551430556336357,0.052798222631049836,0.5863072115332908,0.0,D5,Warm-humid climate domain,0.23187911609152312,0.0,0.029432086654333226,0.20251308289964637,0.5361757143544973,0.0,-0.10244221571272288,-0.11267653265921321,-0.03161050625451366,0.20251308289964637,0.04421617172680348,0.0,3,18204.15232526172,35403.07981404978,6741.12915944734,2411.614404041828,6160.34337731758,27657.44531514111,3571.61994955676,1816.0412035821369,66.15968012545723,21.878420012020534,47.01748230782196,24.696037619509976,2
BDI,Burundi,D1,Low-SDI household-energy domain,0.5723142760413595,0.2607770460850562,0.1669086778735843,0.0,0.0,0.0,D1,Low-SDI household-energy domain,0.4392540388257204,0.3677587967676561,0.19298716440662347,0.0,0.0,0.0,D1,Low-SDI household-energy domain,0.5040719216848104,0.316191604894496,0.17973647342069374,0.0,0.0,0.0,D1,Low-SDI household-energy domain,0.5731385587727982,0.21600957881096117,0.17153221081241635,0.0393196516038242,0.0,0.0,0.0008242827314386414,-0.04476746727409503,0.004623532938832053,0.0393196516038242,0.0,0.0,0,26490.22859383725,44650.29877327262,9831.45040117689,3940.544675886532,12220.57701587248,32683.272455280472,4873.45322588813,3136.447692895801,53.86760452978686,26.801671314135824,50.42996682051363,20.405731926128396,1
COM,Comoros,D1,Low-SDI household-energy domain,0.6694846889373376,0.16108261303953703,0.0,0.0,0.0,0.16943269802312538,D1,Low-SDI household-energy domain,0.5743475108165238,0.21169130612040862,0.0,0.0,0.033692998822859685,0.18026818424020788,D1,Low-SDI household-energy domain,0.5233849742032439,0.20959896026832392,0.0,0.0,0.08716163868088,0.17985442684755212,D1,Low-SDI household-energy domain,0.5158936237769488,0.14593982024130084,0.0,0.027601401499813508,0.11443971843203067,0.1961254360499062,-0.15359106516038878,-0.015142792798236188,0.0,0.027601401499813508,0.11443971843203067,0.02669273802678082,0,26661.26720198299,41991.46038844374,9283.10165706929,3722.1583033470192,9546.50102276371,33609.390211189886,4843.75467301654,2965.411231343621,64.19337104106714,19.961368572836395,47.82180728002787,20.33086747876683,1
DJI,Djibouti,D2,Low-SDI high-PM dry domain,0.10936190915778304,0.6443209865969505,0.0,0.03008838425875311,0.16502183271686113,0.0512068872696522,D2,Low-SDI high-PM dry domain,0.2739486516572638,0.4840348021416607,0.0,0.18903070246838322,0.022818779786486235,0.03016706394620605,D2,Low-SDI high-PM dry domain,0.2651298054723526,0.44530429660478676,0.0,0.21377805436329148,0.03559855239875159,0.040189291160817514,D2,Low-SDI high-PM dry domain,0.17218491922336648,0.3900674505879642,0.0,0.27617326090716504,0.1344050827564246,0.02716928652507955,0.06282301006558344,-0.25425353600898626,0.0,0.24608487664841194,-0.030616749960436535,-0.024037600744572653,2,22958.76463795741,35182.47365469926,6930.37656951203,1986.470962680299,9262.101197123671,27057.01402980559,3961.60826012369,2781.6256944662737,59.657667373745504,23.095191386033672,42.837041820331734,-40.0285101934282,3
ERI,Eritrea,D2,Low-SDI high-PM dry domain,0.09273268847008165,0.7906289707795271,0.0,0.0,0.0,0.11663834075039131,D2,Low-SDI high-PM dry domain,0.16453789293115373,0.6264137092081905,0.0,0.09693162037035231,0.0,0.11211677749030348,D2,Low-SDI high-PM dry domain,0.1802069667728152,0.5923780798245387,0.0,0.0935980196459974,0.0,0.13381693375664866,D2,Low-SDI high-PM dry domain,0.0979773911382071,0.6022964150816815,0.0,0.16303076007877149,0.0,0.13669543370133985,0.005244702668125448,-0.18833255569784557,0.0,0.16303076007877149,0.0,0.02005709295094854,2,33569.64028699269,46943.90375927658,11194.06465619299,3293.182319127004,13199.150945042831,36988.78176676551,5804.498602698651,3235.6819797126795,60.68128573258159,21.20642127156679,48.146640376180265,1.7460417870082408,3
ETH,Ethiopia,D1,Low-SDI household-energy domain,0.4486957725478638,0.4165379473125786,0.0,0.0,0.0,0.13476628013955755,D2,Low-SDI high-PM dry domain,0.39343435899348117,0.45584116843457717,0.0,0.0,0.0,0.15072447257194158,D1,Low-SDI household-energy domain,0.4721204780278778,0.3606043840293404,0.05668155478892566,0.0,0.0,0.1105935831538563,D1,Low-SDI household-energy domain,0.40227950743980845,0.30938932228616767,0.017551510269239054,0.10729795526585612,0.0,0.16348170473892876,-0.046416265108055355,-0.10714862502641093,0.017551510269239054,0.10729795526585612,0.0,0.02871542459937121,2,31193.8641625315,42581.95501254156,10265.56098542875,3975.772813343587,8832.14604735234,32047.87846569777,4003.04031806098,2348.435297213549,71.68627137268531,24.73835817012445,61.00514795301477,40.931350772064434,3
KEN,Kenya,D1,Low-SDI household-energy domain,0.5716325825120497,0.2261786167322078,0.0,0.0,0.015483848405855377,0.1867049523498871,D1,Low-SDI household-energy domain,0.3769075087936641,0.3504940175694489,0.0,0.06453517075980783,0.0,0.20806330287707922,D1,Low-SDI household-energy domain,0.4954585815968098,0.1869591820506963,0.0,0.1678499880990325,0.0,0.14973224825346157,D1,Low-SDI household-energy domain,0.41219803895432694,0.12566448986099782,0.0,0.28006581987581447,0.0,0.18207165130886077,-0.1594345435577228,-0.10051412687120997,0.0,0.28006581987581447,-0.015483848405855377,-0.0046333010410263276,0,28089.886751386774,50674.88815994314,9497.32504361802,3533.962312105479,14302.637622573438,48401.58029562887,6096.65383265628,3922.086976851144,49.082608452071,4.4860639004059,35.80662128908509,-10.982705260216147,1
MDG,Madagascar,D1,Low-SDI household-energy domain,0.6109217124199412,0.19283739150006604,0.0,0.0,0.0,0.1962408960799928,D1,Low-SDI household-energy domain,0.6312473660025335,0.18772587213034256,0.0,0.0,0.0,0.18102676186712383,D1,Low-SDI household-energy domain,0.5885914668073003,0.26343597870604596,0.0,0.0,0.0,0.1479725544866537,D1,Low-SDI household-energy domain,0.580218540982769,0.20316988388331428,0.0,0.0,0.036570017574819716,0.180041557559097,-0.03070317143717216,0.010332492383248237,0.0,0.0,0.036570017574819716,-0.01619933852089578,0,27523.26000283293,34302.48374957575,9510.60435786459,3802.0663693427887,10880.43729404419,27746.61088862665,4778.22959012329,3294.057890695269,60.4682101868591,19.11194801172433,49.758927925836424,13.361378505744812,1
MWI,Malawi,D1,Low-SDI household-energy domain,0.4306958912296366,0.40560804154638547,0.0,0.0,0.0,0.16369606722397798,D1,Low-SDI household-energy domain,0.5362907074445279,0.317508453122355,0.0,0.0,0.0,0.14620083943311715,D1,Low-SDI household-energy domain,0.45448205541198333,0.3873464284533764,0.0,0.0,0.0,0.1581715161346402,D1,Low-SDI household-energy domain,0.4820386169139966,0.2576239964918695,0.0,0.08007611599987177,0.0,0.18026127059426222,0.05134272568435999,-0.14798404505451596,0.0,0.08007611599987177,0.0,0.01656520337028425,2,26182.208070993867,39633.842824061285,8953.376729187159,7803.529125263749,8843.57258955434,29524.274965082248,3808.2372009032097,4980.791901049051,66.2229687978389,25.507412702463526,57.46591128586472,36.17257242080573,3
MUS,Mauritius,D5,Warm-humid climate domain,0.22029808496459993,0.2108820866611244,0.0,0.05328291617841577,0.3016638508141705,0.21387306138168927,D5,Warm-humid climate domain,0.025069502092825716,0.25405801333134903,0.0,0.0325216714671849,0.46909265118401183,0.2192581619246285,D5,Warm-humid climate domain,0.0,0.18124892802810771,0.0,0.11917891872432178,0.49931143639627,0.20026071685130034,D5,Warm-humid climate domain,0.0,0.05660648241734335,0.0,0.13617500984143507,0.6157198121624535,0.19149869557876814,-0.22029808496459993,-0.15427560424378106,0.0,0.0828920936630193,0.314055961348283,-0.022374365802921126,3,13344.44940668581,13371.43167623018,2918.99892681595,1340.55407179061,8532.69450114996,8831.83253971697,2287.64957152808,1285.131727975173,36.05809995521489,33.949985659224964,21.62896839350837,4.134286335903486,2
MOZ,Mozambique,D1,Low-SDI household-energy domain,0.49718212059232986,0.37753002067949776,0.0,0.0,0.0,0.12528785872817236,D1,Low-SDI household-energy domain,0.6037282040664451,0.2868837488771049,0.0,0.0,0.0,0.10938804705645018,D1,Low-SDI household-energy domain,0.5087134050566423,0.3697217899563359,0.0,0.0,0.0,0.1215648049870216,D1,Low-SDI household-energy domain,0.49927807211726183,0.3161158486621019,0.0,0.0,0.020496270263677563,0.16410980895695876,0.0020959515249319716,-0.06141417201739585,0.0,0.0,0.020496270263677563,0.0388219502287864,0,22582.15513061086,37076.73087661178,7862.936629454261,2145.9335995470938,6796.73260683972,32350.01955355194,3681.53635289196,1770.9930245751575,69.90219681191311,12.74845762100745,53.17860837004504,17.472142430272246,1
RWA,Rwanda,D1,Low-SDI household-energy domain,0.5976876451477137,0.18787080363781558,0.20607030298819878,0.008371248226271855,0.0,0.0,D1,Low-SDI household-energy domain,0.4665295532430101,0.2916777636822609,0.24179268307472895,0.0,0.0,0.0,D1,Low-SDI household-energy domain,0.5190848061661059,0.17304094859776573,0.21429342289107478,0.09358082234505354,0.0,0.0,D1,Low-SDI household-energy domain,0.5605150784132314,0.026369261319408626,0.19892891556353798,0.2141867447038219,0.0,0.0,-0.037172566734482215,-0.16150154231840697,-0.0071413874246608056,0.20581549647755004,0.0,0.0,0,37940.86194361751,41171.62657391664,11820.72702026557,3028.846093185605,10106.528353431631,28665.54258921883,4228.176717516139,1828.691939170403,73.36241762654058,30.375491631950148,64.23082344878355,39.62413794201519,1
SYC,Seychelles,D5,Warm-humid climate domain,0.26337705007707635,0.07614190591121939,0.0,0.0,0.47308368825172814,0.18739735575997613,D5,Warm-humid climate domain,0.041072761810942056,0.11609405142533956,0.0,0.0,0.6575685292444624,0.18526465751925608,D5,Warm-humid climate domain,0.03562876215125473,0.06451471630010473,0.0,0.0,0.7151306219016741,0.18472589964696648,D5,Warm-humid climate domain,0.0,0.0,0.0,0.0,0.8428904926710672,0.15710950732893283,-0.26337705007707635,-0.07614190591121939,0.0,0.0,0.36980680441933905,-0.03028784843104329,3,15176.41568029022,17568.74223430415,3990.38827901289,1631.920023752688,10269.11516278566,16057.31519985962,3221.0287922570506,1476.5309124623393,32.33504287759939,8.60293249390026,19.28031642439962,9.521858242355714,2
SOM,Somalia,D1,Low-SDI household-energy domain,0.49714143011233497,0.480543880092664,0.0,0.0,0.0,0.022314689795001102,D2,Low-SDI high-PM dry domain,0.4118368903308148,0.5619465782393879,0.0,0.0,0.0,0.026216531429797407,D2,Low-SDI high-PM dry domain,0.40138706596659507,0.5419098863226443,0.0,0.0,0.0,0.05670304771076067,D2,Low-SDI high-PM dry domain,0.44632362782699886,0.4857778171297928,0.0,0.0,0.0007742527775657197,0.06712430226564267,-0.05081780228533611,0.005233937037128766,0.0,0.0,0.0007742527775657197,0.044809612470641566,2,21958.50973995079,43911.166821437866,7843.14301271544,5940.101446306894,11679.651580832651,29770.95273586944,5044.39902257959,4007.874810043152,46.81036318424209,32.20186369236956,35.683959677880125,32.5285124122763,3
TZA,United Republic of Tanzania,D1,Low-SDI household-energy domain,0.543429563190076,0.30663273366944693,0.0,0.0,0.0,0.14993770314047705,D1,Low-SDI household-energy domain,0.444549333476182,0.3998915697381249,0.0,0.0,0.0,0.15555909678569318,D1,Low-SDI household-energy domain,0.45230479506115645,0.325277584560875,0.0,0.08996183679980174,0.0,0.1324557835781668,D1,Low-SDI household-energy domain,0.4812244801867242,0.1739110043248295,0.0,0.2014040714148581,0.0,0.1434604440735883,-0.06220508300335176,-0.13272172934461743,0.0,0.2014040714148581,0.0,-0.0064772590668887575,0,30885.04651893184,44175.72931748452,10193.57884829242,3657.371878946188,10169.993961330589,30649.969133519626,4357.006257957611,2748.053258640871,67.07146302953888,30.61808009270708,57.25734481675712,24.862624048154565,1
UGA,Uganda,D1,Low-SDI household-energy domain,0.7507663152858158,0.1624799671955355,0.08675371751864883,0.0,0.0,0.0,D1,Low-SDI household-energy domain,0.6243390036841994,0.2511985868606932,0.12446240945510743,0.0,0.0,0.0,D1,Low-SDI household-energy domain,0.6780328301232162,0.10295841266125391,0.1043883108614572,0.11462044635407251,0.0,0.0,D1,Low-SDI household-energy domain,0.631156245849082,0.02909036800431182,0.09670811344738052,0.24304527269922546,0.0,0.0,-0.1196100694367338,-0.13338959919122367,0.009954395928731694,0.24304527269922546,0.0,0.0,0,25409.34060615056,35954.16629811563,8625.22165771009,2074.374274191381,8611.93386057941,26225.10365993082,3588.8349291698,1654.627008989486,66.10721232767915,27.05962518367368,58.39138897999522,20.234885788174275,1
ZMB,Zambia,D2,Low-SDI high-PM dry domain,0.3295166850634717,0.47422650946814826,0.0,0.0,0.0,0.19625680546838004,D2,Low-SDI high-PM dry domain,0.3931034303537084,0.4114670414001619,0.0,0.021069777078581892,0.0,0.1743597511675477,D1,Low-SDI household-energy domain,0.3701357793667088,0.346142669613262,0.0,0.11594448309313679,0.0,0.16777706792689248,D1,Low-SDI household-energy domain,0.34191903720693284,0.24055417808955312,0.0,0.22234636175809136,0.0,0.1951804229454227,0.012402352143461137,-0.23367233137859514,0.0,0.22234636175809136,0.0,-0.001076382522957331,2,24605.74051373703,30850.328660072963,7599.158614736,2228.0080383910595,6219.711193596289,20877.89641587281,2715.1936192999,1573.2450389239416,74.72251977084812,32.325205848152436,64.26981252852521,29.38782033928165,3
BWA,Botswana,D2,Low-SDI high-PM dry domain,0.0,0.5716485954148923,0.0,0.010459648756963017,0.13917966550433922,0.2787120903238055,D2,Low-SDI high-PM dry domain,0.0,0.3921013173473473,0.0,0.09715009723657685,0.2356334110916634,0.2751151743244124,D4,Hot-dry PM2.5 domain,0.0,0.2793721968921946,0.0,0.28984167298657576,0.1790630083844178,0.25172312173681194,D4,Hot-dry PM2.5 domain,0.0,0.2084218929948773,0.0,0.33221036938097487,0.15675074348956405,0.3026169941345838,0.0,-0.36322670242001504,0.0,0.32175072062401183,0.017571077985224837,0.02390490381077831,2,15682.445938624487,37781.11286955958,6721.815563241559,2627.8551846587893,7123.59825240792,32489.40064347862,4014.66941365644,2052.2891437886,54.575974434809794,14.006237043230454,40.27403198012789,21.90250224709102,3
LSO,Lesotho,D3,Cold-dry PM2.5 domain,0.3038788080525571,0.1938717551681415,0.4527312043168885,0.0,0.0,0.04951823246241298,D3,Cold-dry PM2.5 domain,0.37320910162327814,0.1314293865945099,0.44405569775920467,0.0,0.0,0.051305814023007296,D3,Cold-dry PM2.5 domain,0.23632944427030358,0.24269060745877438,0.4043402375198517,0.041360319273638944,0.0,0.07527939147743154,D3,Cold-dry PM2.5 domain,0.24127138356835137,0.18409449368210343,0.35801238861112733,0.07139577835037592,0.0,0.145225955788042,-0.06260742448420575,-0.00977726148603808,-0.09471881570576118,0.07139577835037592,0.0,0.09570772332562903,5,20565.26657446337,37155.37146981477,7834.47739404142,2296.819486465613,16716.94903820866,33106.44387116468,6309.52221555854,2292.7776201466536,18.712704366464695,10.897287359754856,19.464670095834318,0.17597666437335313,4
NAM,Namibia,D2,Low-SDI high-PM dry domain,0.0,0.5809896899553808,0.0,0.011823850066134605,0.1185248177688224,0.288661642209662,D2,Low-SDI high-PM dry domain,0.0,0.5240570983221703,0.0,0.12201990232434151,0.05213252549039621,0.3017904738630919,D2,Low-SDI high-PM dry domain,0.0,0.43086979534401215,0.0,0.2332663899434728,0.07004351352494695,0.2658203011875682,D2,Low-SDI high-PM dry domain,0.0,0.3595315417440834,0.0,0.2939191898618335,0.034236311508469404,0.3123129568856137,0.0,-0.2214581482112974,0.0,0.2820953397956989,-0.084288506260353,0.023651314675951718,2,24466.068259780248,40641.66562675902,8890.0197180946,4943.433438495606,7783.113785130109,36053.31238078744,5039.14425558324,4988.504482281837,68.1881301789517,11.28977657586589,43.316838259349986,-0.9117356255927843,3
ZAF,South Africa,D2,Low-SDI high-PM dry domain,0.038379685187576666,0.34105660317537906,0.0,0.19467368138053262,0.153581050169841,0.2723089800866707,D4,Hot-dry PM2.5 domain,0.22106038952237406,0.12460465896038485,0.0,0.3399242115190342,0.06643071378598134,0.24798002621222556,D4,Hot-dry PM2.5 domain,0.0,0.212350132696279,0.07076520072192859,0.3449688341536159,0.18108079071414054,0.19083504171403604,D4,Hot-dry PM2.5 domain,0.0,0.1670732567150157,0.0,0.4297582756720952,0.14685777979723594,0.25631068781565314,-0.038379685187576666,-0.17398334646036337,0.0,0.23508459429156256,-0.006723270372605061,-0.015998292271017567,1,18523.16837251828,37144.09369791221,7334.16834584484,4020.908981281004,9965.14925982399,36401.91908284925,5956.008389397,4557.322528226292,46.20170232535009,1.9980959048266627,18.790950677163462,-13.340604063472098,5
SWZ,Eswatini,D2,Low-SDI high-PM dry domain,0.2979045134316317,0.35923400992863447,0.0,0.059155347784938875,0.06539943292072593,0.218306695934069,D1,Low-SDI household-energy domain,0.397739814496877,0.15778633341908122,0.0,0.1796450966540478,0.06699959701778217,0.19782915841221174,D2,Low-SDI high-PM dry domain,0.173196679449975,0.28200006623706075,0.0,0.16956936202429057,0.1673265931972175,0.2079072990914561,D2,Low-SDI high-PM dry domain,0.03290826865148985,0.3085053712097326,0.0,0.12181569546165752,0.29307623263470506,0.243694432042415,-0.26499624478014183,-0.050728638718901875,0.0,0.06266034767671864,0.22767679971397914,0.025387736108345993,2,22529.40064962535,37717.34991038624,7909.15489766245,1351.873889769182,7333.211689709799,29699.31181958217,4294.40949553402,962.0581191695017,67.45048035784411,21.25822230314262,45.703307735150915,28.835217067935027,3
ZWE,Zimbabwe,D2,Low-SDI high-PM dry domain,0.1774450382653999,0.4899230435996123,0.0,0.007405447965372142,0.05048986715277275,0.274736603016843,D1,Low-SDI household-energy domain,0.3655498708539969,0.2661518973127636,0.0,0.12515827746196162,0.0,0.24313995437127786,D2,Low-SDI high-PM dry domain,0.295247374974801,0.3920962408337088,0.0,0.09861529276107715,0.0,0.21404109143041303,D2,Low-SDI high-PM dry domain,0.24056083147376434,0.3742376161344392,0.0,0.12023303605235416,0.0,0.26496851633944224,0.06311579320836444,-0.11568542746517313,0.0,0.11282758808698203,-0.05048986715277275,-0.009768086677400756,2,15325.94781363357,33882.95342114626,5776.05678125776,2850.018264319398,10242.88233505578,32905.86766230439,4869.63027586593,3091.4316651422787,33.16640210699416,2.883708945608255,15.692825394878678,-8.470591358842809,3
BEN,Benin,D1,Low-SDI household-energy domain,0.5750137048524646,0.35282232026841603,0.0,0.07216397487911949,0.0,0.0,D1,Low-SDI household-energy domain,0.5310202638830489,0.35371821335001613,0.0,0.115261522766935,0.0,0.0,D1,Low-SDI household-energy domain,0.5914202711330009,0.2566853201604254,0.0,0.12738800100249179,0.02450640770408197,0.0,D1,Low-SDI household-energy domain,0.5604710033344853,0.1597621248736695,0.0,0.2797668717918451,0.0,0.0,-0.014542701517979317,-0.19306019539474653,0.0,0.20760289691272563,0.0,0.0,0,20249.19943065071,34255.413490896506,7467.5814020156495,2806.667805419609,8590.05600133257,32461.34262037903,4135.5942965310105,2666.7594800403026,57.57829325178152,5.237335322179828,44.619361023440185,4.984855176275111,1
BFA,Burkina Faso,D2,Low-SDI high-PM dry domain,0.23939108760804065,0.7494696164996147,0.0,0.0,0.0,0.01113929589234464,D2,Low-SDI high-PM dry domain,0.21099011836444792,0.7531391931662025,0.0,0.0,0.023001472351801822,0.012869216117547653,D2,Low-SDI high-PM dry domain,0.20267447426288004,0.7127725243352409,0.0,0.0,0.08455300140187907,0.0,D2,Low-SDI high-PM dry domain,0.09105236857323373,0.7319763586160372,0.0,0.0,0.1552600074446806,0.021711265366048525,-0.14833871903480692,-0.017493257883577584,0.0,0.0,0.1552600074446806,0.010571969473703886,2,22153.61267422212,34059.82259642628,7725.70980475087,2523.339607038872,7131.39903429697,33848.52460278419,4001.81553565808,2381.3497663431176,67.8093178789072,0.6203731479924363,48.20132212062648,5.6270602775652145,3
CMR,Cameroon,D1,Low-SDI household-energy domain,0.5204294582910318,0.27767768974778273,0.0,0.2018928519611855,0.0,0.0,D1,Low-SDI household-energy domain,0.4870231350125474,0.26637963063238573,0.012809336347307883,0.23378789800775895,0.0,0.0,D1,Low-SDI household-energy domain,0.4933759620203466,0.21808923155273047,0.0,0.2885348064269229,0.0,0.0,D1,Low-SDI household-energy domain,0.46030603612146365,0.1434502480768821,0.0,0.3962437158016543,0.0,0.0,-0.060123422169568175,-0.13422744167090064,0.0,0.1943508638404688,0.0,0.0,0,18067.67226971165,32608.23480607948,6571.96108472602,1669.1790750961427,7348.07034161533,29319.12841571203,3581.59269217404,2266.189701348999,59.330287643453026,10.086735482394854,45.50191874236648,-35.766721208056666,1
CPV,Cabo Verde,D2,Low-SDI high-PM dry domain,0.3207077003170556,0.4972344148882606,0.0,0.0,0.0,0.18205788479468385,D2,Low-SDI high-PM dry domain,0.29545939860976966,0.41394261755289,0.0,0.11053870191259615,0.0,0.18005928192474419,D2,Low-SDI high-PM dry domain,0.14720931798727843,0.41167544073837053,0.0,0.0,0.20575535118985636,0.2353598900844947,D2,Low-SDI high-PM dry domain,0.16757691438893843,0.2751952361990543,0.0,0.20610350906103253,0.13767756979860782,0.21344677055236702,-0.15313078592811716,-0.2220391786892063,0.0,0.20610350906103253,0.13767756979860782,0.03138888575768317,2,14318.113181144328,31951.69479560736,6512.199180184581,2636.0856527664737,4830.36235071415,38154.97656973237,4950.50594104344,3148.5719336396446,66.26397424295189,-19.41456255703162,23.981042285885316,-19.441184710190875,3
TCD,Chad,D2,Low-SDI high-PM dry domain,0.19221164790046527,0.8029217101108934,0.0,0.0,0.0,0.004866641988641348,D2,Low-SDI high-PM dry domain,0.1893315971347098,0.7919469490191654,0.0,0.0,0.0,0.01872145384612477,D2,Low-SDI high-PM dry domain,0.15736893451907838,0.7742280935944856,0.0,0.0,0.05394104949750423,0.01446192238893166,D2,Low-SDI high-PM dry domain,0.06197722488881597,0.8169706673026891,0.0,0.0,0.09021383951558501,0.030838268292910004,-0.1302344230116493,0.014048957191795663,0.0,0.0,0.09021383951558501,0.025971626304268657,2,21931.49584911416,38177.99257283831,8476.73733653735,3300.130545515517,13470.30073356452,39223.32849171517,5891.52427968814,3978.4325913334415,38.580109508998206,-2.7380588879378696,30.49773697370738,-20.553794356397685,3
CIV,Côte d'Ivoire,D1,Low-SDI household-energy domain,0.596618827489791,0.24126002684400727,0.0,0.0,0.1621211456662018,0.0,D1,Low-SDI household-energy domain,0.6344048817008676,0.1661821159421035,0.0,0.11165416869550975,0.07588968228775898,0.011869151373760095,D1,Low-SDI household-energy domain,0.6402657355069004,0.14964639789542997,0.0,0.03593270044799367,0.17415516614967597,0.0,D1,Low-SDI household-energy domain,0.49328161279117044,0.16002156570955017,0.0,0.08866840203346342,0.24749012067535864,0.01053829879045737,-0.10333721469862056,-0.0812384611344571,0.0,0.08866840203346342,0.08536897500915683,0.01053829879045737,0,19857.3951012742,33612.91083193763,6701.404129230131,2542.001607895453,7320.20796514121,29244.95664551745,3444.69419712826,2664.556779598419,63.136111620846535,12.994870358772761,48.5974262900633,-4.821207481628238,1
GMB,Gambia,D2,Low-SDI high-PM dry domain,0.23271301831275643,0.645100574877138,0.0,0.01009727377772393,0.09957886249329978,0.012510270539081787,D2,Low-SDI high-PM dry domain,0.2949881745181881,0.5350856505950072,0.0,0.11557169574038427,0.041147642978939185,0.013206836167481294,D2,Low-SDI high-PM dry domain,0.3653450377176104,0.4173903987501125,0.0,0.17632008781858252,0.03780140386431873,0.003143071849375852,D2,Low-SDI high-PM dry domain,0.35127015646511567,0.3550903288485074,0.0,0.2828805829835399,0.0,0.010758931702837073,0.11855713815235924,-0.2900102460286306,0.0,0.27278330920581595,-0.09957886249329978,-0.001751338836244714,2,22174.21267870577,39113.47673681462,7861.1866711466,1588.9755999785173,8319.070825546709,36724.32934168832,4470.461475688569,1472.103120854049,62.48312873116962,6.108246043179219,43.13248542873583,7.355209175398818,3
GHA,Ghana,D1,Low-SDI household-energy domain,0.6054756773752107,0.15905091596500193,0.0,0.23547340665978753,0.0,0.0,D1,Low-SDI household-energy domain,0.5621186064053678,0.13467370573660456,0.0,0.3032076878580278,0.0,0.0,D1,Low-SDI household-energy domain,0.608037656785172,0.03931515451732767,0.0,0.2871213533445154,0.06552583535298484,0.0,D1,Low-SDI household-energy domain,0.5096182693195969,0.0027364580569375243,0.0,0.37070658621395974,0.11693868640950575,0.0,-0.09585740805561382,-0.1563144579080644,0.0,0.13523317955417222,0.11693868640950575,0.0,0,17716.73231149542,35046.74872106232,6427.56230219763,2140.8628857227736,6329.25139100965,36129.91053003382,4330.42020627646,2475.373435113436,64.27528914627815,-3.090619953344035,32.62733206341916,-15.625033794620085,1
GIN,Guinea,D1,Low-SDI household-energy domain,0.6255428640709567,0.3529251169379112,0.0,0.0,0.02153201899113217,0.0,D1,Low-SDI household-energy domain,0.6274839011179932,0.31734589471747887,0.0,0.017418343873505108,0.03775186029102282,0.0,D1,Low-SDI household-energy domain,0.6801526034339239,0.22703893651213183,0.0,0.08149681114007482,0.011311648913869519,0.0,D1,Low-SDI household-energy domain,0.603251963540595,0.20410751477316805,0.0,0.1436200428173703,0.04902047886886654,0.0,-0.022290900530361757,-0.14881760216474313,0.0,0.1436200428173703,0.02748845987773437,0.0,0,24865.28311696717,37461.48875211217,8994.406575123701,3594.5847558747787,10792.60866961379,39673.73884747178,5331.93788657541,3762.4106558344047,56.59567349848792,-5.9053982344331635,40.71940330869378,-4.6688536050051725,1
GNB,Guinea-Bissau,D2,Low-SDI high-PM dry domain,0.3985897819276472,0.5474933774971128,0.0,0.0,0.05391684057523985,0.0,D2,Low-SDI high-PM dry domain,0.425213994658882,0.48162008866995865,0.0,0.04063615465981387,0.05252976201134555,0.0,D1,Low-SDI household-energy domain,0.48945179435377534,0.3834223842137996,0.0,0.08423791507029443,0.04288790636213065,0.0,D1,Low-SDI household-energy domain,0.45804611527241523,0.33197471174707477,0.0,0.1756801780353446,0.03429899494516549,0.0,0.05945633334476802,-0.21551866575003803,0.0,0.1756801780353446,-0.019617845630074363,0.0,2,21325.72360012659,36102.16343725504,7682.28916433764,1894.9380169722087,8720.49487280476,33211.91669206746,4269.0254874974,1820.9595287610528,59.10809388548487,8.005743894575126,44.430294197791085,3.904005700902087,3
LBR,Liberia,D1,Low-SDI household-energy domain,0.8733939696805743,0.06139228014930238,0.0,0.0,0.06521375017012333,0.0,D1,Low-SDI household-energy domain,0.9491372622509621,0.029223377582253234,0.01660223899489765,0.005037121171887038,0.0,0.0,D1,Low-SDI household-energy domain,0.9376478734338458,0.0,0.0,0.0016221613265719446,0.06072996523958217,0.0,D1,Low-SDI household-energy domain,0.840497010723783,0.0,0.0,0.07831722083045346,0.08118576844576356,0.0,-0.032896958956791233,-0.06139228014930238,0.0,0.07831722083045346,0.015972018275640223,0.0,0,28661.726886333898,34433.8925045645,9177.06687975396,2429.015046271115,9487.48922817474,33015.57046396792,4203.878911861711,2382.5182882581635,66.89840334533913,4.118970983046931,54.19147569757694,1.9142227251465815,1
MLI,Mali,D2,Low-SDI high-PM dry domain,0.2227386480565064,0.757220569432284,0.0,0.0,0.0,0.020040782511209602,D2,Low-SDI high-PM dry domain,0.21226800541666893,0.7490065772374431,0.0,0.0,0.0,0.038725417345888066,D2,Low-SDI high-PM dry domain,0.19452476130530733,0.7283975341859276,0.0,0.0,0.0770777045087651,0.0,D2,Low-SDI high-PM dry domain,0.09014410374299266,0.7449555181617942,0.0,0.0,0.13131791619213987,0.03358246190307324,-0.13259454431351375,-0.012265051270489824,0.0,0.0,0.13131791619213987,0.01354167939186364,2,16406.00841453432,27350.22221214955,6100.889393643471,2661.334270614519,8088.13538489103,25589.70252156935,3778.53766247052,2516.7148187941,50.70016313215082,6.4369483981674565,38.06578977800538,5.434095724736798,3
MRT,Mauritania,D2,Low-SDI high-PM dry domain,0.0,0.7440569087412131,0.0,0.16981801164614696,0.018893212279746274,0.06723186733289356,D2,Low-SDI high-PM dry domain,0.0,0.6916043788701469,0.0,0.23588574663522807,0.016512280129435893,0.05599759436518909,D2,Low-SDI high-PM dry domain,0.0,0.6512512151579277,0.0,0.23139819099318198,0.07276391950475902,0.04458667434413123,D2,Low-SDI high-PM dry domain,0.0,0.5420567578052554,0.0,0.37468507961848513,0.013163113210148287,0.07009504936611125,0.0,-0.2020001509359577,0.0,0.20486706797233817,-0.005730099069597988,0.0028631820332176844,2,21158.10118699267,38207.5167958763,7908.80872245356,2128.179352903971,8251.15136725873,33276.19520594201,4309.9919307713,1644.1385637436742,61.00240142375689,12.906679113117667,45.50390479750779,22.74436073725681,3
NER,Niger,D2,Low-SDI high-PM dry domain,0.03134454173658141,0.9565897690733777,0.0,0.0,0.0,0.01206568919004095,D2,Low-SDI high-PM dry domain,0.013240999647062315,0.9623874544659735,0.0,0.0,0.0,0.024371545886964014,D2,Low-SDI high-PM dry domain,0.0434520536358284,0.9452346102931544,0.0,0.0,0.011313336071017222,0.0,D2,Low-SDI high-PM dry domain,0.0,0.9256672657461267,0.0,0.04319292777733793,0.020605809247952654,0.010533997228582654,-0.03134454173658141,-0.030922503327250994,0.0,0.04319292777733793,0.020605809247952654,-0.0015316919614582949,2,26015.344673559488,37392.84496590321,9008.73494173656,2148.330326668406,11958.87798295491,35729.99924747103,5252.85444484648,2369.12715324028,54.03144516048165,4.446962299735291,41.69154183335404,-10.277601346078006,3
NGA,Nigeria,D1,Low-SDI household-energy domain,0.43656046772599244,0.37083681588166095,0.0,0.1926027163923465,0.0,0.0,D1,Low-SDI household-energy domain,0.3935970341248222,0.38223418520579755,0.0,0.22416878066938017,0.0,0.0,D1,Low-SDI household-energy domain,0.4497440417817939,0.22551813717859084,0.0,0.32473782103961524,0.0,0.0,D4,Hot-dry PM2.5 domain,0.38740928785707635,0.14780793345390503,0.0,0.4647827786890186,0.0,0.0,-0.049151179868916095,-0.22302888242775593,0.0,0.27218006229667213,0.0,0.0,0,21479.182954661923,29532.08276905873,7206.439497858851,2781.7455716847976,12039.683642782227,34436.8945567171,4778.23034941914,3183.686047376096,43.947199163974304,-16.608418126192,33.69499111400533,-14.449217778312434,1
STP,Sao Tome and Principe,D1,Low-SDI household-energy domain,0.7126416061893918,0.12635412622235437,0.0,0.0,0.06740916467977251,0.09359510290848139,D1,Low-SDI household-energy domain,0.7011500655888147,0.12201548240881802,0.0,0.033519283603783735,0.03872575355878931,0.1045894148397943,D1,Low-SDI household-energy domain,0.6065558587308754,0.1277610863812814,0.0,0.04607437035915289,0.07911400222033518,0.14049468230835518,D1,Low-SDI household-energy domain,0.6126309483962222,0.0,0.0,0.15977890973154038,0.10839985663972794,0.11919028523250948,-0.10001065779316953,-0.12635412622235437,0.0,0.15977890973154038,0.04099069195995543,0.02559518232402809,0,25012.708795712628,43244.53705259719,9317.96938256326,4386.073538511428,6201.02874173648,42110.0613529612,4939.85422039866,3816.065343815162,75.20848784359019,2.623396565110996,46.98572169980917,12.99586497333828,1
SEN,Senegal,D2,Low-SDI high-PM dry domain,0.1605711885415821,0.707305462908971,0.0,0.022068715306446218,0.06641579031020306,0.04363884293279771,D2,Low-SDI high-PM dry domain,0.2533796802099401,0.5764239723391927,0.0,0.1383003594385347,0.0,0.03189598801233237,D2,Low-SDI high-PM dry domain,0.26598813752149314,0.5223651833866115,0.0,0.13712414466529294,0.04681045190533645,0.027712082521265894,D2,Low-SDI high-PM dry domain,0.24790023961867674,0.4441227909101736,0.0,0.2513296261677268,0.022785829875874603,0.03386151342754817,0.08732905107709465,-0.2631826719987974,0.0,0.2292609108612806,-0.04362996043432846,-0.009777329505249538,2,20697.98576996181,33582.28314953103,7314.727869144789,3498.4902077205843,7130.26906517842,30874.299541681023,3913.36172638205,3591.087118320645,65.5509036269302,8.063726923485918,46.500241753496894,-2.6467677512921077,3
SLE,Sierra Leone,D1,Low-SDI household-energy domain,0.8651263708504977,0.10983878443340346,0.0,0.0002113625315579556,0.02482348218454091,0.0,D1,Low-SDI household-energy domain,0.9073064255172826,0.07525945239946628,0.0,0.017434122083251267,0.0,0.0,D1,Low-SDI household-energy domain,0.9231196600592672,0.0,0.0,0.07436190063236396,0.0025184393083687823,0.0,D1,Low-SDI household-energy domain,0.8170587221597868,0.0,0.0,0.13018958560184737,0.05275169223836572,0.0,-0.048067648690710896,-0.10983878443340346,0.0,0.12997822307028942,0.027928210053824808,0.0,0,22246.69556256571,35589.13780248212,7752.257882656751,3938.403438776591,10119.910915429493,38194.91406916803,4644.84442500339,3741.620754703773,54.510498482938,-7.321830276270913,40.08397946365052,4.996509045653936,1
TGO,Togo,D1,Low-SDI household-energy domain,0.5681646281499836,0.29039637469281504,0.0,0.14143899715720146,0.0,0.0,D1,Low-SDI household-energy domain,0.5202090334703284,0.29674496827599783,0.0,0.18304599825367365,0.0,0.0,D1,Low-SDI household-energy domain,0.6339753525023959,0.17822919272674417,0.0,0.1877954547708599,0.0,0.0,D1,Low-SDI household-energy domain,0.565912925922079,0.12585777233869044,0.0,0.3082293017392307,0.0,0.0,-0.002251702227904606,-0.1645386023541246,0.0,0.16679030458202923,0.0,0.0,0,20112.73030442933,36165.40764868998,7182.276324270891,3809.6903997678655,9010.08443490722,34197.80468412784,4577.900228778311,4516.94835330815,55.20208197231694,5.440566255122555,36.26115144987773,-18.56470944681961,1
ASM,American Samoa,D5,Warm-humid climate domain,0.3202923540017508,0.0,0.0,0.0,0.4768096325310822,0.2028980134671669,D5,Warm-humid climate domain,0.30649768178045333,0.0,0.0,0.0,0.4943630641320231,0.1991392540875235,D5,Warm-humid climate domain,0.2651801626904279,0.0,0.0,0.0,0.5285519801714479,0.20626785713812432,D5,Warm-humid climate domain,0.179378995667433,0.0,0.0,0.0,0.5961317569238048,0.22448924740876222,-0.1409133583343178,0.0,0.0,0.0,0.1193221243927226,0.021591233941595317,3,12337.39820480179,16559.64276166305,3938.38413501057,1719.0561002135885,6620.004677934339,11514.19066060727,2557.96224199894,1847.542437701643,46.34197123216957,30.468363198851257,35.05046348171736,-7.474237604700066,2
BMU,Bermuda,D5,Warm-humid climate domain,0.0,0.15529843038724703,0.0,0.0,0.5327907209866585,0.31191084862609453,D5,Warm-humid climate domain,0.024166013044860584,0.10323305699636372,0.0,0.0,0.5716350946813658,0.3009658352774099,D5,Warm-humid climate domain,0.0,0.08573907348138957,0.0,0.0,0.5623361653986497,0.3519247611199607,D5,Warm-humid climate domain,0.01176665558904028,0.03245725900801881,0.0,0.0,0.6214810677684799,0.334295017634461,0.01176665558904028,-0.12284117137922822,0.0,0.0,0.08869034678182142,0.022384169008366483,3,6396.13934831674,17039.38724309271,3042.5711687553503,1811.3901980865865,3746.77522268584,8798.20064713335,2485.68648408709,1212.8739579563864,41.4213009028349,48.36551032256226,18.30309477677953,33.041817315917164,2
COK,Cook Islands,D1,Low-SDI household-energy domain,0.4305321415158378,0.009922745416462897,0.0,0.0,0.2905923656858832,0.2689527473818161,D5,Warm-humid climate domain,0.31052109051788945,0.0,0.0,0.0,0.41259392565707276,0.27688498382503773,D5,Warm-humid climate domain,0.08987363599232501,0.0,0.0,0.0,0.6028452886953972,0.3072810753122778,D5,Warm-humid climate domain,0.0,0.0,0.0,0.0,0.6936838066369813,0.3063161933630188,-0.4305321415158378,-0.009922745416462897,0.0,0.0,0.40309144095109806,0.03736344598120267,3,17637.46717089956,20501.50335344304,4968.84944955688,2920.084751767551,6708.50701980164,11718.14796983989,3482.5037371035496,2555.3745382431084,61.96445354200204,42.84249419264205,29.913277259504863,12.489713296974706,2
GRL,Greenland,D6,High-SDI low-exposure domain,0.0018761794226067636,0.0,0.0,0.0,0.03465620129241256,0.9634676192849807,D6,High-SDI low-exposure domain,3.168781653320257e-08,0.0,0.0,0.0,0.058979603391234925,0.9410203649209484,D6,High-SDI low-exposure domain,0.0,0.0,0.0,0.033353045317201874,0.118291308003987,0.848355646678811,D6,High-SDI low-exposure domain,0.0,0.0,0.0,0.00964771162535197,0.05272946222377919,0.9376228261508688,-0.0018761794226067636,0.0,0.0,0.00964771162535197,0.01807326093136663,-0.02584479313411192,4,1858.64814264695,7602.80977776991,888.2678348864799,621.0446526615436,772.65031207911,4683.4151345367,769.73088016236,561.0027537380915,58.42944695391575,38.398891049060815,13.344731180012715,9.667887593289315,6
GUM,Guam,D5,Warm-humid climate domain,0.001982168082941331,0.0,0.0,0.0,0.7730632666273417,0.2249545652897169,D5,Warm-humid climate domain,0.0,0.0,0.0,0.0,0.7698095750853642,0.2301904249146359,D5,Warm-humid climate domain,0.0,0.0,0.0,0.0,0.7409216469518108,0.2590783530481891,D5,Warm-humid climate domain,0.0,0.0,0.0,0.0,0.7874520776471937,0.2125479223528062,-0.001982168082941331,0.0,0.0,0.0,0.01438881101985201,-0.012406642936910711,3,9728.86829536219,15107.29442382401,3003.34354255447,1626.9103302845178,7407.560540449699,10051.94013292047,2768.12037425774,1645.0029438747908,23.85999773497882,33.46300236878491,7.8320433531444325,-1.1120842528001482,2
MCO,Monaco,D6,High-SDI low-exposure domain,0.0,0.0,0.0,0.3750588436371101,0.21191293117200533,0.4130282251908845,D4,Hot-dry PM2.5 domain,0.0,0.0,0.0,0.4633944761097101,0.18566557493826544,0.3509399489520244,D4,Hot-dry PM2.5 domain,0.0,0.0,0.0,0.3937066997596356,0.22328740128612554,0.3830058989542388,D6,High-SDI low-exposure domain,0.0,0.0,0.0,0.3856519115454902,0.21322624070155355,0.40112184775295623,0.0,0.0,0.0,0.010593067908380105,0.0013133095295482233,-0.011906377437928273,4,1614.28486288104,6604.11990906342,1797.01563780656,32.36782069334192,822.3329825589799,4417.57829091002,1328.06877461932,24.27280602745953,49.0589919122856,33.10875102604686,26.09586991461228,25.009452266112987,6
NRU,Nauru,D5,Warm-humid climate domain,0.20436086739687295,0.0,0.0,0.0,0.6327832647061391,0.16285586789698786,D1,Low-SDI household-energy domain,0.3700265903258716,0.1059949038293399,0.0,0.0,0.2714296341992816,0.2525488716455069,D1,Low-SDI household-energy domain,0.5404985644090651,0.0,0.0,0.0,0.227560997784558,0.2319404378063769,D5,Warm-humid climate domain,0.36149014799171725,0.0,0.0,0.0,0.4524570942587655,0.18605275774951724,0.1571292805948443,0.0,0.0,0.0,-0.1803261704473736,0.02319688985252938,3,16975.98229892318,15574.15817323452,4586.9235559178505,2004.2391104595413,11446.95521865991,11028.4756079771,2958.62799173844,1663.6658796903678,32.56970337801299,29.187340430826957,35.498641831051536,16.992644689539325,2
NIU,Niue,D1,Low-SDI household-energy domain,0.43037478622411696,0.0,0.0,0.0,0.28490618302629844,0.28471903074958477,D1,Low-SDI household-energy domain,0.3743809950215009,0.0,0.0,0.0,0.35782113443806124,0.26779787054043785,D5,Warm-humid climate domain,0.26835202027917576,0.0,0.0,0.0,0.4542974578797005,0.27735052184112374,D5,Warm-humid climate domain,0.14853680940954228,0.0,0.0,0.0,0.5637611627297017,0.2877020278607561,-0.2818379768145747,0.0,0.0,0.0,0.2788549797034032,0.002982997111171337,3,14745.05648792295,18490.69610897322,4841.937368098171,3120.0210037201537,7735.37451151143,11206.12355611545,2822.39821176616,2303.1334965163524,47.539200559542465,39.39588055488453,41.709320108889614,26.182115640560955,2
MNP,Northern Mariana Islands,D5,Warm-humid climate domain,0.05688248733935871,0.0,0.0,0.0,0.7027926378211817,0.24032487483945952,D5,Warm-humid climate domain,0.02025024329915239,0.0,0.0,0.0,0.7284681116338977,0.25128164506695,D5,Warm-humid climate domain,0.05226643973529849,0.0,0.0,0.0,0.6645110884736651,0.2832224717910363,D5,Warm-humid climate domain,0.028067847906957537,0.0,0.0,0.0,0.6961491283727965,0.275783023720246,-0.028814639432401173,0.0,0.0,0.0,-0.00664350944838521,0.035458148880786466,3,10011.05083448955,15453.13549387794,2745.71546084733,1127.1579889474651,6486.173108238299,9942.45159082829,2371.35027058345,1894.683811023568,35.2098674207859,35.660619847880156,13.634522426018277,-68.09389895668619,2
PLW,Palau,D5,Warm-humid climate domain,0.26780020948533684,0.0,0.0,0.0,0.5671074273798978,0.1650923631347654,D5,Warm-humid climate domain,0.20619194487483344,0.0,0.0,0.0,0.6560082248378765,0.13779983028729,D5,Warm-humid climate domain,0.1717106906594558,0.0,0.0,0.0,0.6351388211945166,0.19315048814602775,D5,Warm-humid climate domain,0.14164958997569757,0.0,0.0,0.0,0.7023702010202932,0.15598020900400908,-0.12615061950963927,0.0,0.0,0.0,0.1352627736403954,-0.009112154130756334,3,12809.795135523162,13706.233381176618,3232.7352859494404,1475.456164451534,6792.642163054439,10305.51205770657,2535.91917302959,1807.074834463892,46.97306169856226,24.811494368251534,21.55500068157292,-22.47567077911999,2
PRI,Puerto Rico,D5,Warm-humid climate domain,0.0,0.1150368394150886,0.0,0.0,0.6530236768230697,0.23193948376184176,D5,Warm-humid climate domain,0.0,0.054830601284020904,0.0,0.03449614359116476,0.6719248161846124,0.2387484389402018,D5,Warm-humid climate domain,0.0,0.0070356685634401905,0.0,0.00911135376651985,0.7800019325283161,0.20385104514172384,D5,Warm-humid climate domain,0.0,0.0,0.0,0.059590900601637645,0.7393818218320571,0.20102727756630512,0.0,-0.1150368394150886,0.0,0.059590900601637645,0.08635814500898742,-0.03091220619553664,3,6312.21699909252,24535.09469674458,4011.50209788574,2166.6751236126183,3433.34057015421,9164.25052421988,2959.2433448853003,1494.1680891579815,45.60800792102352,62.648399619032936,26.231040825206904,31.038665055300413,2
KNA,Saint Kitts and Nevis,D5,Warm-humid climate domain,0.16981235964069452,0.18561006568565802,0.0,0.0,0.4448997073814267,0.19967786729222073,D5,Warm-humid climate domain,0.0,0.20337677192090742,0.0,0.0,0.5736956396663107,0.22292758841278199,D5,Warm-humid climate domain,0.0,0.0875407025710088,0.0,0.004304629673840335,0.7176599995753801,0.19049466817977087,D5,Warm-humid climate domain,0.0,0.02534773121291374,0.0,0.07283079060567028,0.6813565486798315,0.22046492950158444,-0.16981235964069452,-0.1602623344727443,0.0,0.07283079060567028,0.23645684129840483,0.020787062209363716,3,7032.026445891,21472.66030247018,4011.9156538521897,1868.2626375699324,4304.140417921791,14418.128662665891,2419.6493036432203,1449.501412641596,38.7923175340614,32.85355210035501,39.688430355710395,22.41447302468261,2
SMR,San Marino,D4,Hot-dry PM2.5 domain,0.0,0.0,0.1481511868676621,0.3591748179387427,0.20943387825163823,0.28324011694195694,D4,Hot-dry PM2.5 domain,0.005515774726146732,0.0,0.0,0.4665654135718162,0.1536682900250566,0.3742505216769805,D6,High-SDI low-exposure domain,0.0,0.0,0.034563770262202774,0.33468647709699084,0.26456238873273097,0.3661873639080753,D6,High-SDI low-exposure domain,0.0,0.0,0.0,0.35874009777418964,0.2625687654687262,0.3786911367570842,0.0,0.0,-0.1481511868676621,-0.0004347201645530374,0.05313488721708798,0.09545101981512727,4,1755.24060183389,5065.21728531211,1107.75754181164,113.07118148017769,855.48700628964,3763.83610874098,994.56481327726,126.85766304823306,51.26098351440708,25.69250445276686,10.218186224150037,-12.192745655949711,6
TUV,Tuvalu,D1,Low-SDI household-energy domain,0.7191261206004173,0.0,0.0,0.0,0.15485234918651833,0.1260215302130644,D1,Low-SDI household-energy domain,0.6325992416107926,0.0,0.0,0.0,0.18753246326054576,0.17986829512866173,D1,Low-SDI household-energy domain,0.585306168418236,0.0,0.0,0.0,0.25248481554081253,0.16220901604095148,D1,Low-SDI household-energy domain,0.5023585993704824,0.0,0.0,0.0,0.31061479007298637,0.18702661055653114,-0.2167675212299348,0.0,0.0,0.0,0.15576244088646804,0.061005080343466744,0,21130.61721258473,16206.190158017438,5680.1650161240805,2633.939594252414,7615.06886600853,13194.39099309333,2935.2805708418,2244.051004111244,63.96191938268024,18.584251669008882,48.324026458570756,14.80248791551468,1
VIR,United States Virgin Islands,D5,Warm-humid climate domain,0.06119515859541522,0.11914119618824741,0.0,0.0,0.5768001442876511,0.24286350092868636,D5,Warm-humid climate domain,0.0,0.0729793577987844,0.0,0.02519864315231916,0.6557411104720194,0.24608088857687696,D5,Warm-humid climate domain,0.036630304170648685,0.07172522471005079,0.0,0.0,0.6462565320136994,0.2453879391056012,D5,Warm-humid climate domain,0.0,0.0,0.0,0.052279261204080045,0.6994328431900365,0.2482878956058834,-0.06119515859541522,-0.11914119618824741,0.0,0.052279261204080045,0.12263269890238537,0.0054243946771970475,3,6347.47258794848,14281.778534877987,2624.6045013062503,1458.6378675450371,3121.51178621093,8690.69511868256,2584.51884631055,859.836451988539,50.82276066638658,39.148369389297436,1.5273026841091613,41.052095854628526,2
SSD,South Sudan,D2,Low-SDI high-PM dry domain,0.3165698078954774,0.4989298037360769,0.0,0.0,0.16352734047047232,0.02097304789797345,D2,Low-SDI high-PM dry domain,0.2722604071928153,0.536270352930739,0.0,0.0,0.166477046527908,0.02499219334853765,D2,Low-SDI high-PM dry domain,0.24427103139931197,0.5108217527226709,0.0,0.0,0.21629843745794247,0.028608778420074713,D2,Low-SDI high-PM dry domain,0.12592830385364429,0.6438005308460414,0.0,0.0,0.1624955327530543,0.06777563254726,-0.1906415040418331,0.14487072710996446,0.0,0.0,-0.0010318077174180096,0.04680258464928655,2,22800.4671726351,35369.71245031141,7578.30989422641,4184.679782758569,11048.540012845411,29213.48849384968,4342.07481782823,2855.20802183778,51.54248406758191,17.405354836034377,42.7039158013811,31.76997595845654,3
SDN,Sudan,D2,Low-SDI high-PM dry domain,0.0,0.8177791506598745,0.0,0.05651923456299094,0.035367302240357175,0.09033431253677747,D2,Low-SDI high-PM dry domain,0.0,0.7387976803307632,0.0,0.11792967789672165,0.04992782970120891,0.0933448120713062,D2,Low-SDI high-PM dry domain,0.0,0.6145267399679246,0.0,0.26106880943124017,0.049823834262561144,0.07458061633827404,D2,Low-SDI high-PM dry domain,0.0,0.5241164972826698,0.0,0.3833236496165938,0.0,0.09255985310073635,0.0,-0.29366265337720465,0.0,0.32680441505360286,-0.035367302240357175,0.0022255405639588777,2,26203.62402313016,17757.05096251442,6630.872648322241,1715.304440401046,7979.42215441398,14914.92571187224,2645.74923832718,1214.6949878734708,69.54840236079377,16.005615215285335,60.0995317110092,29.184874750894384,3
